subject,predicate,object
0,어휘다양성,1.0
0,오타율,0.75
0,수동태사용,0
0,정중체사용,0
0,구어체종결어미,0
0,접속사과다,0
0,의문문사용,0
0,감탄문사용,0
0,POS3gram,NOUN-PUNCT-NOUN:1
0,POS3gram,PUNCT-NOUN-PUNCT:1
0,POS3gram,NOUN-PUNCT-PROPN:1
0,의존트리깊이,0.0
1,어휘다양성,0.9545
1,오타율,0.9091
1,수동태사용,0
1,정중체사용,0
1,구어체종결어미,0
1,접속사과다,0
1,의문문사용,0
1,감탄문사용,0
1,POS3gram,NOUN-ADV-VERB:2
1,POS3gram,ADV-VERB-NOUN:2
1,POS3gram,VERB-NOUN-CCONJ:2
1,의존트리깊이,0.0
2,어휘다양성,0.7333
2,오타율,0.7
2,수동태사용,0
2,정중체사용,0
2,구어체종결어미,0
2,접속사과다,0
2,의문문사용,0
2,감탄문사용,0
2,POS3gram,NOUN-PUNCT-NOUN:6
2,POS3gram,PUNCT-NOUN-PUNCT:6
2,POS3gram,NOUN-NOUN-NOUN:3
2,의존트리깊이,0.0
3,어휘다양성,0.8
3,오타율,0.6
3,수동태사용,0
3,정중체사용,0
3,구어체종결어미,0
3,접속사과다,0
3,의문문사용,0
3,감탄문사용,0
3,POS3gram,NOUN-PUNCT-NOUN:4
3,POS3gram,PUNCT-NOUN-PUNCT:3
3,POS3gram,NOUN-NOUN-PUNCT:1
3,의존트리깊이,0.0
4,어휘다양성,0.9167
4,오타율,0.75
4,수동태사용,0
4,정중체사용,0
4,구어체종결어미,0
4,접속사과다,0
4,의문문사용,0
4,감탄문사용,0
4,POS3gram,VERB-NOUN-PUNCT:1
4,POS3gram,NOUN-PUNCT-NOUN:1
4,POS3gram,PUNCT-NOUN-CCONJ:1
4,의존트리깊이,0.0
5,어휘다양성,1.0
5,오타율,0.6667
5,수동태사용,0
5,정중체사용,0
5,구어체종결어미,0
5,접속사과다,0
5,의문문사용,0
5,감탄문사용,0
5,POS3gram,ADV-SCONJ-VERB:1
5,의존트리깊이,0.0
6,어휘다양성,0.9
6,오타율,0.6
6,수동태사용,0
6,정중체사용,0
6,구어체종결어미,0
6,접속사과다,0
6,의문문사용,0
6,감탄문사용,0
6,POS3gram,PROPN-PUNCT-PROPN:1
6,POS3gram,PUNCT-PROPN-PUNCT:1
6,POS3gram,PROPN-PUNCT-ADJ:1
6,의존트리깊이,0.0
7,어휘다양성,1.0
7,오타율,1.0
7,수동태사용,0
7,정중체사용,0
7,구어체종결어미,0
7,접속사과다,0
7,의문문사용,0
7,감탄문사용,0
7,POS3gram,ADV-NOUN-ADV:1
7,POS3gram,NOUN-ADV-VERB:1
7,POS3gram,ADV-VERB-NOUN:1
7,의존트리깊이,0.0
8,어휘다양성,1.0
8,오타율,1.0
8,수동태사용,0
8,정중체사용,0
8,구어체종결어미,0
8,접속사과다,0
8,의문문사용,0
8,감탄문사용,0
8,POS3gram,NOUN-VERB-NOUN:1
8,POS3gram,VERB-NOUN-NOUN:1
8,POS3gram,NOUN-NOUN-VERB:1
8,의존트리깊이,0.0
9,어휘다양성,1.0
9,오타율,1.0
9,수동태사용,0
9,정중체사용,0
9,구어체종결어미,0
9,접속사과다,0
9,의문문사용,0
9,감탄문사용,0
9,POS3gram,NOUN-NOUN-ADV:1
9,POS3gram,NOUN-ADV-VERB:1
9,POS3gram,ADV-VERB-ADV:1
9,의존트리깊이,0.0
10,어휘다양성,1.0
10,오타율,0.9091
10,수동태사용,0
10,정중체사용,0
10,구어체종결어미,0
10,접속사과다,0
10,의문문사용,0
10,감탄문사용,0
10,POS3gram,NOUN-NOUN-ADJ:1
10,POS3gram,NOUN-ADJ-NOUN:1
10,POS3gram,ADJ-NOUN-VERB:1
10,의존트리깊이,0.0
11,어휘다양성,0.9444
11,오타율,0.8889
11,수동태사용,0
11,정중체사용,0
11,구어체종결어미,0
11,접속사과다,0
11,의문문사용,0
11,감탄문사용,0
11,POS3gram,NOUN-NOUN-PUNCT:1
11,POS3gram,NOUN-PUNCT-NOUN:1
11,POS3gram,PUNCT-NOUN-PROPN:1
11,의존트리깊이,0.0
12,어휘다양성,1.0
12,오타율,0.9565
12,수동태사용,0
12,정중체사용,0
12,구어체종결어미,0
12,접속사과다,0
12,의문문사용,0
12,감탄문사용,0
12,POS3gram,ADV-NOUN-VERB:2
12,POS3gram,NOUN-VERB-NOUN:2
12,POS3gram,VERB-NOUN-NOUN:2
12,의존트리깊이,0.0
13,어휘다양성,1.0
13,오타율,0.6667
13,수동태사용,0
13,정중체사용,0
13,구어체종결어미,0
13,접속사과다,0
13,의문문사용,0
13,감탄문사용,0
13,POS3gram,PROPN-ADV-VERB:1
13,의존트리깊이,0.0
14,어휘다양성,0.9375
14,오타율,0.875
14,수동태사용,0
14,정중체사용,0
14,구어체종결어미,0
14,접속사과다,0
14,의문문사용,0
14,감탄문사용,0
14,POS3gram,CCONJ-NOUN-NOUN:1
14,POS3gram,NOUN-NOUN-ADV:1
14,POS3gram,NOUN-ADV-ADV:1
14,의존트리깊이,0.0
15,어휘다양성,1.0
15,오타율,1.0
15,수동태사용,0
15,정중체사용,0
15,구어체종결어미,0
15,접속사과다,1
15,의문문사용,0
15,감탄문사용,0
15,POS3gram,CCONJ-ADV-NOUN:1
15,POS3gram,ADV-NOUN-NOUN:1
15,POS3gram,NOUN-NOUN-SCONJ:1
15,의존트리깊이,0.0
16,어휘다양성,0.8846
16,오타율,0.6154
16,수동태사용,0
16,정중체사용,0
16,구어체종결어미,0
16,접속사과다,0
16,의문문사용,0
16,감탄문사용,0
16,POS3gram,NOUN-PUNCT-NOUN:2
16,POS3gram,PUNCT-NOUN-PUNCT:2
16,POS3gram,NOUN-PUNCT-PROPN:1
16,의존트리깊이,0.0
17,어휘다양성,1.0
17,오타율,1.0
17,수동태사용,0
17,정중체사용,0
17,구어체종결어미,0
17,접속사과다,0
17,의문문사용,0
17,감탄문사용,0
17,POS3gram,VERB-NOUN-VERB:2
17,POS3gram,NOUN-VERB-NOUN:1
17,의존트리깊이,0.0
18,어휘다양성,1.0
18,오타율,1.0
18,수동태사용,0
18,정중체사용,0
18,구어체종결어미,0
18,접속사과다,0
18,의문문사용,0
18,감탄문사용,0
18,POS3gram,ADV-DET-NOUN:1
18,POS3gram,DET-NOUN-ADV:1
18,POS3gram,NOUN-ADV-VERB:1
18,의존트리깊이,0.0
19,어휘다양성,0.8824
19,오타율,0.8235
19,수동태사용,0
19,정중체사용,0
19,구어체종결어미,0
19,접속사과다,0
19,의문문사용,0
19,감탄문사용,0
19,POS3gram,NOUN-ADV-VERB:2
19,POS3gram,PROPN-NOUN-PROPN:1
19,POS3gram,NOUN-PROPN-PROPN:1
19,의존트리깊이,0.0
20,어휘다양성,1.0
20,오타율,0.75
20,수동태사용,0
20,정중체사용,0
20,구어체종결어미,0
20,접속사과다,0
20,의문문사용,0
20,감탄문사용,0
20,POS3gram,ADV-ADV-NOUN:1
20,POS3gram,ADV-NOUN-NOUN:1
20,의존트리깊이,0.0
21,어휘다양성,1.0
21,오타율,1.0
21,수동태사용,0
21,정중체사용,0
21,구어체종결어미,0
21,접속사과다,0
21,의문문사용,0
21,감탄문사용,0
21,POS3gram,ADV-NOUN-VERB:1
21,의존트리깊이,0.0
22,어휘다양성,0.7812
22,오타율,0.6562
22,수동태사용,0
22,정중체사용,0
22,구어체종결어미,0
22,접속사과다,0
22,의문문사용,0
22,감탄문사용,0
22,POS3gram,NOUN-PUNCT-PROPN:3
22,POS3gram,PUNCT-PROPN-PUNCT:3
22,POS3gram,PUNCT-CCONJ-NOUN:2
22,의존트리깊이,0.0
23,어휘다양성,0.8889
23,오타율,0.8889
23,수동태사용,0
23,정중체사용,0
23,구어체종결어미,0
23,접속사과다,0
23,의문문사용,0
23,감탄문사용,0
23,POS3gram,CCONJ-DET-ADV:1
23,POS3gram,DET-ADV-NOUN:1
23,POS3gram,ADV-NOUN-VERB:1
23,의존트리깊이,0.0
24,어휘다양성,1.0
24,오타율,1.0
24,수동태사용,0
24,정중체사용,0
24,구어체종결어미,0
24,접속사과다,0
24,의문문사용,0
24,감탄문사용,0
24,POS3gram,NOUN-CCONJ-VERB:1
24,의존트리깊이,0.0
25,어휘다양성,1.0
25,오타율,1.0
25,수동태사용,0
25,정중체사용,0
25,구어체종결어미,0
25,접속사과다,0
25,의문문사용,0
25,감탄문사용,0
25,POS3gram,VERB-ADV-VERB:2
25,POS3gram,NOUN-NOUN-CCONJ:1
25,POS3gram,NOUN-CCONJ-NOUN:1
25,의존트리깊이,0.0
26,어휘다양성,0.88
26,오타율,0.64
26,수동태사용,0
26,정중체사용,0
26,구어체종결어미,0
26,접속사과다,0
26,의문문사용,0
26,감탄문사용,0
26,POS3gram,PUNCT-PROPN-PUNCT:2
26,POS3gram,VERB-NOUN-ADV:1
26,POS3gram,NOUN-ADV-NOUN:1
26,의존트리깊이,0.0
27,어휘다양성,0.963
27,오타율,0.963
27,수동태사용,0
27,정중체사용,0
27,구어체종결어미,0
27,접속사과다,0
27,의문문사용,0
27,감탄문사용,0
27,POS3gram,CCONJ-NOUN-ADV:2
27,POS3gram,ADV-VERB-NOUN:2
27,POS3gram,VERB-NOUN-VERB:2
27,의존트리깊이,0.0
28,어휘다양성,0.7273
28,오타율,0.1818
28,수동태사용,0
28,정중체사용,0
28,구어체종결어미,0
28,접속사과다,0
28,의문문사용,0
28,감탄문사용,0
28,POS3gram,PUNCT-X-PUNCT:2
28,POS3gram,PUNCT-PROPN-PUNCT:1
28,POS3gram,PROPN-PUNCT-PUNCT:1
28,의존트리깊이,0.0
29,어휘다양성,0.8261
29,오타율,0.6522
29,수동태사용,0
29,정중체사용,0
29,구어체종결어미,0
29,접속사과다,0
29,의문문사용,0
29,감탄문사용,0
29,POS3gram,NOUN-NOUN-PUNCT:2
29,POS3gram,NOUN-PUNCT-X:1
29,POS3gram,PUNCT-X-PUNCT:1
29,의존트리깊이,0.0
30,어휘다양성,1.0
30,오타율,1.0
30,수동태사용,0
30,정중체사용,0
30,구어체종결어미,0
30,접속사과다,0
30,의문문사용,0
30,감탄문사용,0
30,POS3gram,ADV-NOUN-VERB:1
30,의존트리깊이,0.0
31,어휘다양성,0.8462
31,오타율,0.5385
31,수동태사용,0
31,정중체사용,0
31,구어체종결어미,0
31,접속사과다,0
31,의문문사용,0
31,감탄문사용,0
31,POS3gram,NUM-PROPN-NUM:2
31,POS3gram,CCONJ-NOUN-NOUN:1
31,POS3gram,NOUN-NOUN-ADV:1
31,의존트리깊이,0.0
32,어휘다양성,0.85
32,오타율,0.75
32,수동태사용,0
32,정중체사용,0
32,구어체종결어미,0
32,접속사과다,0
32,의문문사용,0
32,감탄문사용,0
32,POS3gram,NOUN-PROPN-PUNCT:1
32,POS3gram,PROPN-PUNCT-X:1
32,POS3gram,PUNCT-X-PUNCT:1
32,의존트리깊이,0.0
33,어휘다양성,1.0
33,오타율,1.0
33,수동태사용,0
33,정중체사용,0
33,구어체종결어미,0
33,접속사과다,0
33,의문문사용,0
33,감탄문사용,0
33,POS3gram,NOUN-SCONJ-NOUN:2
33,POS3gram,SCONJ-NOUN-ADV:2
33,POS3gram,NOUN-ADV-VERB:1
33,의존트리깊이,0.0
34,어휘다양성,1.0
34,오타율,1.0
34,수동태사용,0
34,정중체사용,0
34,구어체종결어미,0
34,접속사과다,0
34,의문문사용,0
34,감탄문사용,0
34,POS3gram,ADV-SCONJ-NOUN:1
34,POS3gram,SCONJ-NOUN-NOUN:1
34,POS3gram,NOUN-NOUN-CCONJ:1
34,의존트리깊이,0.0
35,어휘다양성,0.8333
35,오타율,0.8333
35,수동태사용,0
35,정중체사용,0
35,구어체종결어미,0
35,접속사과다,0
35,의문문사용,0
35,감탄문사용,0
35,POS3gram,NOUN-NOUN-NOUN:1
35,POS3gram,NOUN-NOUN-VERB:1
35,POS3gram,NOUN-VERB-CCONJ:1
35,의존트리깊이,0.0
36,어휘다양성,1.0
36,오타율,1.0
36,수동태사용,0
36,정중체사용,0
36,구어체종결어미,0
36,접속사과다,0
36,의문문사용,0
36,감탄문사용,0
36,POS3gram,NOUN-NOUN-NOUN:1
36,POS3gram,NOUN-NOUN-VERB:1
36,의존트리깊이,0.0
37,어휘다양성,1.0
37,오타율,1.0
37,수동태사용,0
37,정중체사용,0
37,구어체종결어미,0
37,접속사과다,0
37,의문문사용,0
37,감탄문사용,0
37,POS3gram,PROPN-NOUN-NOUN:1
37,의존트리깊이,0.0
38,어휘다양성,1.0
38,오타율,1.0
38,수동태사용,0
38,정중체사용,0
38,구어체종결어미,0
38,접속사과다,0
38,의문문사용,0
38,감탄문사용,0
38,POS3gram,NOUN-NOUN-VERB:1
38,의존트리깊이,0.0
39,어휘다양성,1.0
39,오타율,1.0
39,수동태사용,0
39,정중체사용,0
39,구어체종결어미,0
39,접속사과다,0
39,의문문사용,0
39,감탄문사용,0
39,POS3gram,NOUN-NOUN-NOUN:1
39,의존트리깊이,0.0
40,어휘다양성,1.0
40,오타율,1.0
40,수동태사용,0
40,정중체사용,0
40,구어체종결어미,0
40,접속사과다,0
40,의문문사용,0
40,감탄문사용,0
40,POS3gram,ADV-NOUN-VERB:1
40,의존트리깊이,0.0
41,어휘다양성,1.0
41,오타율,1.0
41,수동태사용,0
41,정중체사용,0
41,구어체종결어미,0
41,접속사과다,0
41,의문문사용,0
41,감탄문사용,0
41,POS3gram,CCONJ-NOUN-NOUN:1
41,의존트리깊이,0.0
42,어휘다양성,1.0
42,오타율,1.0
42,수동태사용,0
42,정중체사용,0
42,구어체종결어미,0
42,접속사과다,0
42,의문문사용,0
42,감탄문사용,0
42,POS3gram,VERB-NOUN-VERB:1
42,의존트리깊이,0.0
43,어휘다양성,1.0
43,오타율,1.0
43,수동태사용,0
43,정중체사용,0
43,구어체종결어미,0
43,접속사과다,0
43,의문문사용,0
43,감탄문사용,0
43,POS3gram,NOUN-NOUN-VERB:1
43,의존트리깊이,0.0
44,어휘다양성,1.0
44,오타율,1.0
44,수동태사용,0
44,정중체사용,0
44,구어체종결어미,0
44,접속사과다,0
44,의문문사용,0
44,감탄문사용,0
44,POS3gram,PROPN-NOUN-NOUN:1
44,의존트리깊이,0.0
45,어휘다양성,1.0
45,오타율,1.0
45,수동태사용,0
45,정중체사용,0
45,구어체종결어미,0
45,접속사과다,0
45,의문문사용,0
45,감탄문사용,0
45,POS3gram,CCONJ-NOUN-VERB:1
45,의존트리깊이,0.0
46,어휘다양성,1.0
46,오타율,1.0
46,수동태사용,0
46,정중체사용,0
46,구어체종결어미,0
46,접속사과다,0
46,의문문사용,0
46,감탄문사용,0
46,POS3gram,ADV-NOUN-VERB:1
46,의존트리깊이,0.0
47,어휘다양성,1.0
47,오타율,1.0
47,수동태사용,0
47,정중체사용,0
47,구어체종결어미,0
47,접속사과다,0
47,의문문사용,0
47,감탄문사용,0
47,POS3gram,PROPN-NOUN-NOUN:1
47,의존트리깊이,0.0
48,어휘다양성,0.7143
48,오타율,0.7143
48,수동태사용,0
48,정중체사용,0
48,구어체종결어미,0
48,접속사과다,0
48,의문문사용,0
48,감탄문사용,0
48,POS3gram,NOUN-NOUN-NOUN:1
48,POS3gram,NOUN-NOUN-CCONJ:1
48,POS3gram,NOUN-CCONJ-NUM:1
48,의존트리깊이,0.0
49,어휘다양성,1.0
49,오타율,1.0
49,수동태사용,0
49,정중체사용,0
49,구어체종결어미,0
49,접속사과다,0
49,의문문사용,0
49,감탄문사용,0
49,POS3gram,PROPN-NOUN-VERB:1
49,의존트리깊이,0.0
50,어휘다양성,1.0
50,오타율,1.0
50,수동태사용,0
50,정중체사용,0
50,구어체종결어미,0
50,접속사과다,0
50,의문문사용,0
50,감탄문사용,0
50,POS3gram,PROPN-NOUN-NOUN:1
50,의존트리깊이,0.0
51,어휘다양성,1.0
51,오타율,1.0
51,수동태사용,0
51,정중체사용,0
51,구어체종결어미,0
51,접속사과다,0
51,의문문사용,0
51,감탄문사용,0
51,POS3gram,NOUN-NOUN-NOUN:1
51,의존트리깊이,0.0
52,어휘다양성,1.0
52,오타율,1.0
52,수동태사용,0
52,정중체사용,0
52,구어체종결어미,0
52,접속사과다,0
52,의문문사용,0
52,감탄문사용,0
52,POS3gram,CCONJ-NOUN-NOUN:1
52,의존트리깊이,0.0
53,어휘다양성,1.0
53,오타율,1.0
53,수동태사용,0
53,정중체사용,0
53,구어체종결어미,0
53,접속사과다,0
53,의문문사용,0
53,감탄문사용,0
53,POS3gram,ADV-NOUN-VERB:1
53,의존트리깊이,0.0
54,어휘다양성,1.0
54,오타율,0.75
54,수동태사용,0
54,정중체사용,0
54,구어체종결어미,0
54,접속사과다,0
54,의문문사용,0
54,감탄문사용,0
54,POS3gram,PUNCT-PROPN-PUNCT:2
54,POS3gram,NOUN-PUNCT-NOUN:1
54,POS3gram,PUNCT-NOUN-PUNCT:1
54,의존트리깊이,0.0
55,어휘다양성,1.0
55,오타율,1.0
55,수동태사용,0
55,정중체사용,0
55,구어체종결어미,0
55,접속사과다,0
55,의문문사용,0
55,감탄문사용,0
55,POS3gram,NOUN-NOUN-NOUN:1
55,POS3gram,NOUN-NOUN-ADV:1
55,POS3gram,NOUN-ADV-NUM:1
55,의존트리깊이,0.0
56,어휘다양성,0.8462
56,오타율,0.7692
56,수동태사용,0
56,정중체사용,0
56,구어체종결어미,0
56,접속사과다,1
56,의문문사용,0
56,감탄문사용,0
56,POS3gram,PUNCT-NOUN-NOUN:2
56,POS3gram,ADV-NOUN-NOUN:1
56,POS3gram,NOUN-NOUN-SCONJ:1
56,의존트리깊이,0.0
57,어휘다양성,1.0
57,오타율,0.7692
57,수동태사용,0
57,정중체사용,0
57,구어체종결어미,0
57,접속사과다,0
57,의문문사용,0
57,감탄문사용,0
57,POS3gram,VERB-NOUN-NOUN:1
57,POS3gram,NOUN-NOUN-VERB:1
57,POS3gram,NOUN-VERB-NOUN:1
57,의존트리깊이,0.0
58,어휘다양성,1.0
58,오타율,1.0
58,수동태사용,0
58,정중체사용,0
58,구어체종결어미,0
58,접속사과다,0
58,의문문사용,0
58,감탄문사용,0
58,POS3gram,ADV-VERB-NOUN:1
58,POS3gram,VERB-NOUN-VERB:1
58,POS3gram,NOUN-VERB-AUX:1
58,의존트리깊이,0.0
59,어휘다양성,0.9474
59,오타율,0.8947
59,수동태사용,0
59,정중체사용,0
59,구어체종결어미,0
59,접속사과다,0
59,의문문사용,0
59,감탄문사용,0
59,POS3gram,NOUN-VERB-NOUN:1
59,POS3gram,VERB-NOUN-NOUN:1
59,POS3gram,NOUN-NOUN-NOUN:1
59,의존트리깊이,0.0
60,어휘다양성,1.0
60,오타율,1.0
60,수동태사용,0
60,정중체사용,0
60,구어체종결어미,0
60,접속사과다,0
60,의문문사용,0
60,감탄문사용,0
60,POS3gram,NOUN-VERB-NOUN:2
60,POS3gram,NOUN-NOUN-NOUN:1
60,POS3gram,NOUN-NOUN-VERB:1
60,의존트리깊이,0.0
61,어휘다양성,0.9
61,오타율,0.8667
61,수동태사용,0
61,정중체사용,0
61,구어체종결어미,0
61,접속사과다,0
61,의문문사용,0
61,감탄문사용,0
61,POS3gram,NOUN-NOUN-ADV:2
61,POS3gram,NOUN-ADV-VERB:2
61,POS3gram,ADV-SCONJ-VERB:2
61,의존트리깊이,0.0
62,어휘다양성,1.0
62,오타율,1.0
62,수동태사용,0
62,정중체사용,0
62,구어체종결어미,0
62,접속사과다,0
62,의문문사용,0
62,감탄문사용,0
62,POS3gram,NOUN-NOUN-NOUN:2
62,POS3gram,NOUN-NOUN-VERB:1
62,POS3gram,NOUN-VERB-NOUN:1
62,의존트리깊이,0.0
63,어휘다양성,0.9565
63,오타율,0.913
63,수동태사용,0
63,정중체사용,0
63,구어체종결어미,0
63,접속사과다,0
63,의문문사용,0
63,감탄문사용,0
63,POS3gram,NOUN-VERB-NOUN:2
63,POS3gram,NOUN-NOUN-NOUN:2
63,POS3gram,ADV-VERB-NOUN:2
63,의존트리깊이,0.0
64,어휘다양성,0.9737
64,오타율,0.8421
64,수동태사용,0
64,정중체사용,0
64,구어체종결어미,0
64,접속사과다,0
64,의문문사용,0
64,감탄문사용,0
64,POS3gram,NOUN-ADV-SCONJ:2
64,POS3gram,VERB-NOUN-NOUN:2
64,POS3gram,NOUN-VERB-NOUN:2
64,의존트리깊이,0.0
65,어휘다양성,0.9259
65,오타율,0.8519
65,수동태사용,0
65,정중체사용,0
65,구어체종결어미,0
65,접속사과다,0
65,의문문사용,0
65,감탄문사용,0
65,POS3gram,NOUN-VERB-NOUN:2
65,POS3gram,NOUN-PUNCT-PROPN:2
65,POS3gram,PUNCT-PROPN-PUNCT:2
65,의존트리깊이,0.0
66,어휘다양성,1.0
66,오타율,0.7778
66,수동태사용,0
66,정중체사용,0
66,구어체종결어미,0
66,접속사과다,0
66,의문문사용,0
66,감탄문사용,0
66,POS3gram,NOUN-VERB-NOUN:1
66,POS3gram,VERB-NOUN-NOUN:1
66,POS3gram,NOUN-NOUN-PUNCT:1
66,의존트리깊이,0.0
67,어휘다양성,1.0
67,오타율,0.9444
67,수동태사용,0
67,정중체사용,0
67,구어체종결어미,0
67,접속사과다,0
67,의문문사용,0
67,감탄문사용,0
67,POS3gram,NOUN-ADV-VERB:2
67,POS3gram,NOUN-ADV-NUM:1
67,POS3gram,ADV-NUM-NOUN:1
67,의존트리깊이,0.0
68,어휘다양성,0.9412
68,오타율,0.9412
68,수동태사용,0
68,정중체사용,0
68,구어체종결어미,0
68,접속사과다,0
68,의문문사용,0
68,감탄문사용,0
68,POS3gram,NOUN-NOUN-NOUN:2
68,POS3gram,NOUN-NOUN-VERB:2
68,POS3gram,NOUN-NOUN-ADV:1
68,의존트리깊이,0.0
69,어휘다양성,1.0
69,오타율,1.0
69,수동태사용,0
69,정중체사용,0
69,구어체종결어미,0
69,접속사과다,1
69,의문문사용,0
69,감탄문사용,0
69,POS3gram,CCONJ-VERB-NOUN:2
69,POS3gram,VERB-NOUN-VERB:1
69,POS3gram,NOUN-VERB-ADV:1
69,의존트리깊이,0.0
70,어휘다양성,1.0
70,오타율,1.0
70,수동태사용,0
70,정중체사용,0
70,구어체종결어미,0
70,접속사과다,0
70,의문문사용,0
70,감탄문사용,0
70,POS3gram,NOUN-NOUN-NOUN:1
70,POS3gram,NOUN-NOUN-ADV:1
70,POS3gram,NOUN-ADV-NOUN:1
70,의존트리깊이,0.0
71,어휘다양성,0.9375
71,오타율,0.9375
71,수동태사용,0
71,정중체사용,0
71,구어체종결어미,0
71,접속사과다,0
71,의문문사용,0
71,감탄문사용,0
71,POS3gram,ADJ-ADV-ADV:1
71,POS3gram,ADV-ADV-NOUN:1
71,POS3gram,ADV-NOUN-VERB:1
71,의존트리깊이,0.0
72,어휘다양성,0.9091
72,오타율,0.8636
72,수동태사용,0
72,정중체사용,0
72,구어체종결어미,0
72,접속사과다,1
72,의문문사용,0
72,감탄문사용,0
72,POS3gram,NOUN-NOUN-NOUN:2
72,POS3gram,NOUN-PUNCT-NOUN:2
72,POS3gram,NOUN-NOUN-PUNCT:1
72,의존트리깊이,0.0
73,어휘다양성,1.0
73,오타율,0.7857
73,수동태사용,0
73,정중체사용,0
73,구어체종결어미,0
73,접속사과다,0
73,의문문사용,0
73,감탄문사용,0
73,POS3gram,NOUN-NOUN-NOUN:2
73,POS3gram,PRON-NOUN-NOUN:1
73,POS3gram,NOUN-NOUN-ADV:1
73,의존트리깊이,0.0
74,어휘다양성,0.9333
74,오타율,0.9
74,수동태사용,0
74,정중체사용,0
74,구어체종결어미,0
74,접속사과다,0
74,의문문사용,0
74,감탄문사용,0
74,POS3gram,NOUN-NOUN-NOUN:3
74,POS3gram,VERB-NOUN-PUNCT:2
74,POS3gram,NOUN-PUNCT-NOUN:2
74,의존트리깊이,0.0
75,어휘다양성,0.9444
75,오타율,0.8889
75,수동태사용,0
75,정중체사용,0
75,구어체종결어미,0
75,접속사과다,0
75,의문문사용,0
75,감탄문사용,0
75,POS3gram,NOUN-NOUN-NOUN:4
75,POS3gram,ADV-NOUN-NOUN:1
75,POS3gram,NOUN-NOUN-VERB:1
75,의존트리깊이,0.0
76,어휘다양성,1.0
76,오타율,1.0
76,수동태사용,0
76,정중체사용,0
76,구어체종결어미,0
76,접속사과다,0
76,의문문사용,0
76,감탄문사용,0
76,POS3gram,CCONJ-NOUN-VERB:1
76,POS3gram,NOUN-VERB-NOUN:1
76,POS3gram,VERB-NOUN-SCONJ:1
76,의존트리깊이,0.0
77,어휘다양성,1.0
77,오타율,1.0
77,수동태사용,0
77,정중체사용,0
77,구어체종결어미,0
77,접속사과다,0
77,의문문사용,0
77,감탄문사용,0
77,POS3gram,ADV-NOUN-VERB:1
77,POS3gram,NOUN-VERB-NOUN:1
77,POS3gram,VERB-NOUN-NOUN:1
77,의존트리깊이,0.0
78,어휘다양성,0.9167
78,오타율,0.8889
78,수동태사용,0
78,정중체사용,0
78,구어체종결어미,0
78,접속사과다,0
78,의문문사용,0
78,감탄문사용,0
78,POS3gram,NOUN-NOUN-NOUN:5
78,POS3gram,SCONJ-NOUN-NOUN:2
78,POS3gram,NOUN-ADV-VERB:2
78,의존트리깊이,0.0
79,어휘다양성,0.913
79,오타율,0.8696
79,수동태사용,0
79,정중체사용,0
79,구어체종결어미,0
79,접속사과다,0
79,의문문사용,0
79,감탄문사용,0
79,POS3gram,NOUN-SCONJ-PUNCT:1
79,POS3gram,SCONJ-PUNCT-CCONJ:1
79,POS3gram,PUNCT-CCONJ-CCONJ:1
79,의존트리깊이,0.0
80,어휘다양성,0.871
80,오타율,0.8387
80,수동태사용,0
80,정중체사용,0
80,구어체종결어미,0
80,접속사과다,0
80,의문문사용,0
80,감탄문사용,0
80,POS3gram,PUNCT-PROPN-PUNCT:2
80,POS3gram,PROPN-PUNCT-PROPN:2
80,POS3gram,CCONJ-PUNCT-PROPN:1
80,의존트리깊이,0.0
81,어휘다양성,1.0
81,오타율,1.0
81,수동태사용,0
81,정중체사용,0
81,구어체종결어미,0
81,접속사과다,0
81,의문문사용,0
81,감탄문사용,0
81,POS3gram,CCONJ-NOUN-ADV:1
81,POS3gram,NOUN-ADV-VERB:1
81,POS3gram,ADV-VERB-NOUN:1
81,의존트리깊이,0.0
82,어휘다양성,1.0
82,오타율,1.0
82,수동태사용,0
82,정중체사용,0
82,구어체종결어미,0
82,접속사과다,0
82,의문문사용,0
82,감탄문사용,0
82,POS3gram,NOUN-CCONJ-NOUN:1
82,POS3gram,CCONJ-NOUN-NOUN:1
82,POS3gram,NOUN-NOUN-VERB:1
82,의존트리깊이,0.0
83,어휘다양성,1.0
83,오타율,0.6
83,수동태사용,0
83,정중체사용,0
83,구어체종결어미,0
83,접속사과다,0
83,의문문사용,0
83,감탄문사용,0
83,POS3gram,CCONJ-NOUN-VERB:1
83,POS3gram,NOUN-VERB-ADV:1
83,POS3gram,VERB-ADV-VERB:1
83,의존트리깊이,0.0
84,어휘다양성,1.0
84,오타율,0.9375
84,수동태사용,0
84,정중체사용,0
84,구어체종결어미,0
84,접속사과다,0
84,의문문사용,0
84,감탄문사용,0
84,POS3gram,NOUN-NOUN-NOUN:6
84,POS3gram,NOUN-NOUN-SCONJ:2
84,POS3gram,ADV-NOUN-NOUN:1
84,의존트리깊이,0.0
85,어휘다양성,0.9474
85,오타율,0.8947
85,수동태사용,0
85,정중체사용,0
85,구어체종결어미,0
85,접속사과다,0
85,의문문사용,0
85,감탄문사용,0
85,POS3gram,NOUN-NOUN-NOUN:2
85,POS3gram,NOUN-NOUN-CCONJ:1
85,POS3gram,NOUN-CCONJ-NOUN:1
85,의존트리깊이,0.0
86,어휘다양성,0.85
86,오타율,0.75
86,수동태사용,0
86,정중체사용,0
86,구어체종결어미,0
86,접속사과다,0
86,의문문사용,0
86,감탄문사용,0
86,POS3gram,PUNCT-NOUN-PUNCT:4
86,POS3gram,NOUN-NOUN-ADV:2
86,POS3gram,NOUN-ADV-ADJ:2
86,의존트리깊이,0.0
87,어휘다양성,1.0
87,오타율,0.7895
87,수동태사용,0
87,정중체사용,0
87,구어체종결어미,0
87,접속사과다,0
87,의문문사용,0
87,감탄문사용,0
87,POS3gram,NOUN-NOUN-NUM:1
87,POS3gram,NOUN-NUM-NOUN:1
87,POS3gram,NUM-NOUN-NOUN:1
87,의존트리깊이,0.0
88,어휘다양성,1.0
88,오타율,1.0
88,수동태사용,0
88,정중체사용,0
88,구어체종결어미,0
88,접속사과다,0
88,의문문사용,0
88,감탄문사용,0
88,POS3gram,NOUN-NOUN-ADV:2
88,POS3gram,NOUN-SCONJ-PROPN:1
88,POS3gram,SCONJ-PROPN-NOUN:1
88,의존트리깊이,0.0
89,어휘다양성,1.0
89,오타율,0.9167
89,수동태사용,0
89,정중체사용,0
89,구어체종결어미,0
89,접속사과다,0
89,의문문사용,0
89,감탄문사용,0
89,POS3gram,DET-NOUN-ADV:1
89,POS3gram,NOUN-ADV-SCONJ:1
89,POS3gram,ADV-SCONJ-PUNCT:1
89,의존트리깊이,0.0
90,어휘다양성,0.8571
90,오타율,0.8571
90,수동태사용,0
90,정중체사용,0
90,구어체종결어미,0
90,접속사과다,0
90,의문문사용,0
90,감탄문사용,0
90,POS3gram,NOUN-NOUN-NOUN:5
90,POS3gram,CCONJ-NOUN-NOUN:1
90,POS3gram,NOUN-NOUN-ADJ:1
90,의존트리깊이,0.0
91,어휘다양성,1.0
91,오타율,0.9231
91,수동태사용,0
91,정중체사용,0
91,구어체종결어미,0
91,접속사과다,0
91,의문문사용,0
91,감탄문사용,0
91,POS3gram,PROPN-VERB-NOUN:1
91,POS3gram,VERB-NOUN-VERB:1
91,POS3gram,NOUN-VERB-PROPN:1
91,의존트리깊이,0.0
92,어휘다양성,0.96
92,오타율,0.88
92,수동태사용,0
92,정중체사용,0
92,구어체종결어미,0
92,접속사과다,0
92,의문문사용,0
92,감탄문사용,0
92,POS3gram,ADV-VERB-ADV:2
92,POS3gram,NOUN-NOUN-NOUN:1
92,POS3gram,NOUN-NOUN-ADV:1
92,의존트리깊이,0.0
93,어휘다양성,0.9091
93,오타율,0.8636
93,수동태사용,0
93,정중체사용,0
93,구어체종결어미,0
93,접속사과다,0
93,의문문사용,0
93,감탄문사용,0
93,POS3gram,NOUN-ADJ-NOUN:2
93,POS3gram,CCONJ-PUNCT-NOUN:1
93,POS3gram,PUNCT-NOUN-NOUN:1
93,의존트리깊이,0.0
94,어휘다양성,1.0
94,오타율,0.9444
94,수동태사용,0
94,정중체사용,0
94,구어체종결어미,0
94,접속사과다,0
94,의문문사용,0
94,감탄문사용,0
94,POS3gram,NOUN-NOUN-NOUN:3
94,POS3gram,NOUN-NUM-NOUN:1
94,POS3gram,NUM-NOUN-NOUN:1
94,의존트리깊이,0.0
95,어휘다양성,1.0
95,오타율,1.0
95,수동태사용,0
95,정중체사용,0
95,구어체종결어미,0
95,접속사과다,0
95,의문문사용,0
95,감탄문사용,0
95,POS3gram,NOUN-ADV-NOUN:1
95,POS3gram,ADV-NOUN-NOUN:1
95,POS3gram,NOUN-NOUN-ADV:1
95,의존트리깊이,0.0
96,어휘다양성,0.8636
96,오타율,0.8182
96,수동태사용,0
96,정중체사용,0
96,구어체종결어미,0
96,접속사과다,0
96,의문문사용,0
96,감탄문사용,0
96,POS3gram,VERB-NOUN-VERB:3
96,POS3gram,NOUN-ADV-VERB:2
96,POS3gram,ADV-VERB-NOUN:2
96,의존트리깊이,0.0
97,어휘다양성,1.0
97,오타율,1.0
97,수동태사용,0
97,정중체사용,0
97,구어체종결어미,0
97,접속사과다,0
97,의문문사용,0
97,감탄문사용,0
97,POS3gram,NOUN-NOUN-VERB:1
97,POS3gram,NOUN-VERB-NOUN:1
97,POS3gram,VERB-NOUN-NOUN:1
97,의존트리깊이,0.0
98,어휘다양성,0.9524
98,오타율,0.9048
98,수동태사용,0
98,정중체사용,0
98,구어체종결어미,0
98,접속사과다,1
98,의문문사용,0
98,감탄문사용,0
98,POS3gram,NOUN-NOUN-NOUN:3
98,POS3gram,NOUN-NOUN-VERB:3
98,POS3gram,NOUN-VERB-NOUN:3
98,의존트리깊이,0.0
99,어휘다양성,0.9412
99,오타율,0.8824
99,수동태사용,0
99,정중체사용,0
99,구어체종결어미,0
99,접속사과다,0
99,의문문사용,0
99,감탄문사용,0
99,POS3gram,NOUN-NOUN-NOUN:3
99,POS3gram,NOUN-NOUN-SCONJ:2
99,POS3gram,NOUN-NOUN-VERB:1
99,의존트리깊이,0.0
100,어휘다양성,0.9231
100,오타율,0.8846
100,수동태사용,0
100,정중체사용,0
100,구어체종결어미,0
100,접속사과다,0
100,의문문사용,0
100,감탄문사용,0
100,POS3gram,ADV-VERB-NOUN:2
100,POS3gram,ADV-ADV-VERB:1
100,POS3gram,VERB-NOUN-VERB:1
100,의존트리깊이,0.0
101,어휘다양성,1.0
101,오타율,0.9524
101,수동태사용,0
101,정중체사용,0
101,구어체종결어미,0
101,접속사과다,0
101,의문문사용,0
101,감탄문사용,0
101,POS3gram,NOUN-NOUN-SCONJ:2
101,POS3gram,NOUN-ADV-VERB:1
101,POS3gram,ADV-VERB-AUX:1
101,의존트리깊이,0.0
102,어휘다양성,0.9412
102,오타율,0.8824
102,수동태사용,0
102,정중체사용,0
102,구어체종결어미,0
102,접속사과다,0
102,의문문사용,0
102,감탄문사용,0
102,POS3gram,NOUN-NOUN-ADV:3
102,POS3gram,NOUN-ADV-ADV:1
102,POS3gram,ADV-ADV-VERB:1
102,의존트리깊이,0.0
103,어휘다양성,1.0
103,오타율,1.0
103,수동태사용,0
103,정중체사용,0
103,구어체종결어미,0
103,접속사과다,0
103,의문문사용,0
103,감탄문사용,0
103,POS3gram,NOUN-NOUN-ADV:1
103,POS3gram,NOUN-ADV-VERB:1
103,POS3gram,ADV-VERB-ADV:1
103,의존트리깊이,0.0
104,어휘다양성,0.9444
104,오타율,0.8889
104,수동태사용,0
104,정중체사용,0
104,구어체종결어미,0
104,접속사과다,0
104,의문문사용,0
104,감탄문사용,0
104,POS3gram,VERB-NOUN-NOUN:2
104,POS3gram,NOUN-VERB-ADV:1
104,POS3gram,VERB-ADV-VERB:1
104,의존트리깊이,0.0
105,어휘다양성,1.0
105,오타율,0.4
105,수동태사용,0
105,정중체사용,0
105,구어체종결어미,0
105,접속사과다,0
105,의문문사용,0
105,감탄문사용,0
105,POS3gram,X-X-PUNCT:1
105,POS3gram,X-PUNCT-NUM:1
105,POS3gram,PUNCT-NUM-PUNCT:1
105,의존트리깊이,0.0
106,어휘다양성,1.0
106,오타율,0.2667
106,수동태사용,0
106,정중체사용,0
106,구어체종결어미,0
106,접속사과다,0
106,의문문사용,0
106,감탄문사용,0
106,POS3gram,X-X-X:5
106,POS3gram,PROPN-X-X:1
106,POS3gram,X-X-NOUN:1
106,의존트리깊이,0.0
107,어휘다양성,1.0
107,오타율,0.0
107,수동태사용,0
107,정중체사용,0
107,구어체종결어미,0
107,접속사과다,0
107,의문문사용,0
107,감탄문사용,0
107,POS3gram,PROPN-X-ADJ:1
107,POS3gram,X-ADJ-PUNCT:1
107,POS3gram,ADJ-PUNCT-PUNCT:1
107,의존트리깊이,0.0
108,어휘다양성,1.0
108,오타율,0.0
108,수동태사용,0
108,정중체사용,0
108,구어체종결어미,0
108,접속사과다,0
108,의문문사용,0
108,감탄문사용,0
108,POS3gram,CCONJ-PROPN-X:1
108,의존트리깊이,0.0
109,어휘다양성,1.0
109,오타율,1.0
109,수동태사용,0
109,정중체사용,0
109,구어체종결어미,0
109,접속사과다,0
109,의문문사용,0
109,감탄문사용,0
109,POS3gram,NOUN-PROPN-NOUN:1
109,POS3gram,PROPN-NOUN-ADJ:1
109,POS3gram,NOUN-ADJ-PART:1
109,의존트리깊이,0.0
110,어휘다양성,0.9167
110,오타율,0.4167
110,수동태사용,0
110,정중체사용,0
110,구어체종결어미,0
110,접속사과다,0
110,의문문사용,0
110,감탄문사용,0
110,POS3gram,NOUN-NOUN-NOUN:1
110,POS3gram,NOUN-NOUN-PUNCT:1
110,POS3gram,NOUN-PUNCT-PROPN:1
110,의존트리깊이,0.0
111,어휘다양성,1.0
111,오타율,1.0
111,수동태사용,0
111,정중체사용,0
111,구어체종결어미,0
111,접속사과다,0
111,의문문사용,0
111,감탄문사용,0
111,POS3gram,NOUN-NOUN-NUM:1
111,POS3gram,NOUN-NUM-VERB:1
111,의존트리깊이,0.0
112,어휘다양성,1.0
112,오타율,0.6
112,수동태사용,0
112,정중체사용,0
112,구어체종결어미,0
112,접속사과다,0
112,의문문사용,0
112,감탄문사용,0
112,POS3gram,NOUN-PUNCT-NOUN:1
112,POS3gram,PUNCT-NOUN-NOUN:1
112,POS3gram,NOUN-NOUN-PUNCT:1
112,의존트리깊이,0.0
113,어휘다양성,1.0
113,오타율,0.8
113,수동태사용,0
113,정중체사용,0
113,구어체종결어미,0
113,접속사과다,0
113,의문문사용,0
113,감탄문사용,0
113,POS3gram,NOUN-NOUN-NOUN:1
113,POS3gram,NOUN-NOUN-PUNCT:1
113,POS3gram,NOUN-PUNCT-NOUN:1
113,의존트리깊이,0.0
114,어휘다양성,1.0
114,오타율,0.3636
114,수동태사용,0
114,정중체사용,0
114,구어체종결어미,0
114,접속사과다,0
114,의문문사용,0
114,감탄문사용,0
114,POS3gram,NOUN-PROPN-NOUN:1
114,POS3gram,PROPN-NOUN-PUNCT:1
114,POS3gram,NOUN-PUNCT-PROPN:1
114,의존트리깊이,0.0
115,어휘다양성,1.0
115,오타율,0.6
115,수동태사용,0
115,정중체사용,0
115,구어체종결어미,0
115,접속사과다,0
115,의문문사용,0
115,감탄문사용,0
115,POS3gram,NOUN-PUNCT-NOUN:1
115,POS3gram,PUNCT-NOUN-NOUN:1
115,POS3gram,NOUN-NOUN-PUNCT:1
115,의존트리깊이,0.0
116,어휘다양성,1.0
116,오타율,1.0
116,수동태사용,0
116,정중체사용,0
116,구어체종결어미,0
116,접속사과다,0
116,의문문사용,0
116,감탄문사용,0
116,POS3gram,NOUN-NOUN-NOUN:1
116,POS3gram,NOUN-NOUN-ADV:1
116,의존트리깊이,0.0
117,어휘다양성,1.0
117,오타율,0.3636
117,수동태사용,0
117,정중체사용,0
117,구어체종결어미,0
117,접속사과다,0
117,의문문사용,0
117,감탄문사용,0
117,POS3gram,NOUN-PROPN-NOUN:1
117,POS3gram,PROPN-NOUN-PUNCT:1
117,POS3gram,NOUN-PUNCT-PROPN:1
117,의존트리깊이,0.0
118,어휘다양성,1.0
118,오타율,0.6
118,수동태사용,0
118,정중체사용,0
118,구어체종결어미,0
118,접속사과다,0
118,의문문사용,0
118,감탄문사용,0
118,POS3gram,PROPN-PUNCT-NOUN:1
118,POS3gram,PUNCT-NOUN-NOUN:1
118,POS3gram,NOUN-NOUN-PUNCT:1
118,의존트리깊이,0.0
119,어휘다양성,1.0
119,오타율,1.0
119,수동태사용,0
119,정중체사용,0
119,구어체종결어미,0
119,접속사과다,0
119,의문문사용,0
119,감탄문사용,0
119,POS3gram,NOUN-NOUN-NOUN:3
119,POS3gram,NOUN-NOUN-ADV:1
119,POS3gram,NOUN-ADV-SCONJ:1
119,의존트리깊이,0.0
120,어휘다양성,1.0
120,오타율,0.3636
120,수동태사용,0
120,정중체사용,0
120,구어체종결어미,0
120,접속사과다,0
120,의문문사용,0
120,감탄문사용,0
120,POS3gram,NOUN-PROPN-NOUN:1
120,POS3gram,PROPN-NOUN-PUNCT:1
120,POS3gram,NOUN-PUNCT-PROPN:1
120,의존트리깊이,0.0
121,어휘다양성,1.0
121,오타율,0.0
121,수동태사용,0
121,정중체사용,0
121,구어체종결어미,0
121,접속사과다,0
121,의문문사용,0
121,감탄문사용,0
121,POS3gram,X-PUNCT-X:1
121,POS3gram,PUNCT-X-X:1
121,의존트리깊이,0.0
122,어휘다양성,1.0
122,오타율,0.6
122,수동태사용,0
122,정중체사용,0
122,구어체종결어미,0
122,접속사과다,0
122,의문문사용,0
122,감탄문사용,0
122,POS3gram,PUNCT-NOUN-NOUN:1
122,POS3gram,NOUN-NOUN-NOUN:1
122,POS3gram,NOUN-NOUN-PUNCT:1
122,의존트리깊이,0.0
123,어휘다양성,1.0
123,오타율,0.5
123,수동태사용,0
123,정중체사용,0
123,구어체종결어미,0
123,접속사과다,0
123,의문문사용,0
123,감탄문사용,0
123,POS3gram,NOUN-X-X:1
123,POS3gram,X-X-ADV:1
123,의존트리깊이,0.0
124,어휘다양성,1.0
124,오타율,0.3333
124,수동태사용,0
124,정중체사용,0
124,구어체종결어미,0
124,접속사과다,0
124,의문문사용,0
124,감탄문사용,0
124,POS3gram,X-X-X:2
124,POS3gram,PROPN-X-X:1
124,POS3gram,X-X-PROPN:1
124,의존트리깊이,0.0
125,어휘다양성,1.0
125,오타율,1.0
125,수동태사용,0
125,정중체사용,0
125,구어체종결어미,0
125,접속사과다,0
125,의문문사용,0
125,감탄문사용,0
125,의존트리깊이,0.0
126,어휘다양성,1.0
126,오타율,0.6
126,수동태사용,0
126,정중체사용,0
126,구어체종결어미,0
126,접속사과다,0
126,의문문사용,0
126,감탄문사용,0
126,POS3gram,PROPN-PUNCT-NOUN:1
126,POS3gram,PUNCT-NOUN-NOUN:1
126,POS3gram,NOUN-NOUN-PUNCT:1
126,의존트리깊이,0.0
127,어휘다양성,1.0
127,오타율,1.0
127,수동태사용,0
127,정중체사용,0
127,구어체종결어미,0
127,접속사과다,0
127,의문문사용,0
127,감탄문사용,0
127,POS3gram,NOUN-NOUN-ADV:2
127,POS3gram,NOUN-ADV-VERB:1
127,POS3gram,ADV-VERB-NOUN:1
127,의존트리깊이,0.0
128,어휘다양성,0.8
128,오타율,0.4
128,수동태사용,0
128,정중체사용,0
128,구어체종결어미,0
128,접속사과다,0
128,의문문사용,0
128,감탄문사용,0
128,POS3gram,PUNCT-NUM-PUNCT:2
128,POS3gram,ADV-SCONJ-NOUN:1
128,POS3gram,SCONJ-NOUN-PUNCT:1
128,의존트리깊이,0.0
129,어휘다양성,1.0
129,오타율,0.6
129,수동태사용,0
129,정중체사용,0
129,구어체종결어미,0
129,접속사과다,0
129,의문문사용,0
129,감탄문사용,0
129,POS3gram,PROPN-PUNCT-NOUN:1
129,POS3gram,PUNCT-NOUN-NOUN:1
129,POS3gram,NOUN-NOUN-PUNCT:1
129,의존트리깊이,0.0
130,어휘다양성,1.0
130,오타율,1.0
130,수동태사용,0
130,정중체사용,0
130,구어체종결어미,0
130,접속사과다,0
130,의문문사용,0
130,감탄문사용,0
130,POS3gram,NOUN-ADV-PROPN:1
130,POS3gram,ADV-PROPN-ADV:1
130,의존트리깊이,0.0
131,어휘다양성,1.0
131,오타율,0.5714
131,수동태사용,0
131,정중체사용,0
131,구어체종결어미,0
131,접속사과다,0
131,의문문사용,0
131,감탄문사용,0
131,POS3gram,ADV-SCONJ-NOUN:1
131,POS3gram,SCONJ-NOUN-PUNCT:1
131,POS3gram,NOUN-PUNCT-NOUN:1
131,의존트리깊이,0.0
132,어휘다양성,1.0
132,오타율,1.0
132,수동태사용,0
132,정중체사용,0
132,구어체종결어미,0
132,접속사과다,0
132,의문문사용,0
132,감탄문사용,0
132,POS3gram,ADV-NOUN-NOUN:1
132,POS3gram,NOUN-NOUN-NOUN:1
132,POS3gram,NOUN-NOUN-ADJ:1
132,의존트리깊이,0.0
133,어휘다양성,1.0
133,오타율,0.875
133,수동태사용,0
133,정중체사용,0
133,구어체종결어미,0
133,접속사과다,0
133,의문문사용,0
133,감탄문사용,0
133,POS3gram,NOUN-NOUN-NOUN:3
133,POS3gram,CCONJ-NOUN-NOUN:1
133,POS3gram,NOUN-NOUN-ADJ:1
133,의존트리깊이,0.0
