subject_id,subject,predicate,object,src_url
eb4b0736,구어,defines,구어체는,https://ko.wikipedia.org/wiki/%EA%B5%AC%EC%96%B4
eb4b0736,구어,defines,쓰는_문장에서_입에서,https://ko.wikipedia.org/wiki/%EA%B5%AC%EC%96%B4
eb4b0736,구어,defines,말뭉치를,https://ko.wikipedia.org/wiki/%EA%B5%AC%EC%96%B4
eb4b0736,구어,defines,격식적_회의_방송,https://ko.wikipedia.org/wiki/%EA%B5%AC%EC%96%B4
eb4b0736,구어,defines,대화_비격식적_가족,https://ko.wikipedia.org/wiki/%EA%B5%AC%EC%96%B4
eb4b0736,구어,defines,구어,https://ko.wikipedia.org/wiki/%EA%B5%AC%EC%96%B4
b70b56a7,문어_(언어),defines,language_literary_fo,https://ko.wikipedia.org/wiki/%EB%AC%B8%EC%96%B4_(%EC%96%B8%EC%96%B4)
b70b56a7,문어_(언어),defines,차리지_구어의,https://ko.wikipedia.org/wiki/%EB%AC%B8%EC%96%B4_(%EC%96%B8%EC%96%B4)
b70b56a7,문어_(언어),defines,문어는_고정된_가지고,https://ko.wikipedia.org/wiki/%EB%AC%B8%EC%96%B4_(%EC%96%B8%EC%96%B4)
b70b56a7,문어_(언어),defines,현대의_회화에서_구어체에,https://ko.wikipedia.org/wiki/%EB%AC%B8%EC%96%B4_(%EC%96%B8%EC%96%B4)
b70b56a7,문어_(언어),defines,구시대의,https://ko.wikipedia.org/wiki/%EB%AC%B8%EC%96%B4_(%EC%96%B8%EC%96%B4)
b70b56a7,문어_(언어),defines,갑오개혁_전의,https://ko.wikipedia.org/wiki/%EB%AC%B8%EC%96%B4_(%EC%96%B8%EC%96%B4)
b70b56a7,문어_(언어),defines,글에,https://ko.wikipedia.org/wiki/%EB%AC%B8%EC%96%B4_(%EC%96%B8%EC%96%B4)
b70b56a7,문어_(언어),defines,문어,https://ko.wikipedia.org/wiki/%EB%AC%B8%EC%96%B4_(%EC%96%B8%EC%96%B4)
4f25fe76,높임말,defines,또는_높임말_존댓말,https://ko.wikipedia.org/wiki/%EB%86%92%EC%9E%84%EB%A7%90
4f25fe76,높임말,defines,한자로_경칭_이라고,https://ko.wikipedia.org/wiki/%EB%86%92%EC%9E%84%EB%A7%90
4f25fe76,높임말,defines,유럽권의_사용이_드물다,https://ko.wikipedia.org/wiki/%EB%86%92%EC%9E%84%EB%A7%90
4f25fe76,높임말,defines,인칭_쓰이고_경어,https://ko.wikipedia.org/wiki/%EB%86%92%EC%9E%84%EB%A7%90
4f25fe76,높임말,defines,독일어와_경어는_별도의,https://ko.wikipedia.org/wiki/%EB%86%92%EC%9E%84%EB%A7%90
4f25fe76,높임말,contrast_with,구별_사용_보통,https://ko.wikipedia.org/wiki/%EB%86%92%EC%9E%84%EB%A7%90
4f25fe76,높임말,defines,체계가_발달되어,https://ko.wikipedia.org/wiki/%EB%86%92%EC%9E%84%EB%A7%90
4f25fe76,높임말,defines,수준에_개의_따라,https://ko.wikipedia.org/wiki/%EB%86%92%EC%9E%84%EB%A7%90
4f25fe76,높임말,defines,존칭_등급에,https://ko.wikipedia.org/wiki/%EB%86%92%EC%9E%84%EB%A7%90
4f25fe76,높임말,defines,brown_penelope_levin,https://ko.wikipedia.org/wiki/%EB%86%92%EC%9E%84%EB%A7%90
4f25fe76,높임말,defines,some_universals_lang,https://ko.wikipedia.org/wiki/%EB%86%92%EC%9E%84%EB%A7%90
4f25fe76,높임말,defines,cambridge_england_un,https://ko.wikipedia.org/wiki/%EB%86%92%EC%9E%84%EB%A7%90
4f25fe76,높임말,defines,frawley_william,https://ko.wikipedia.org/wiki/%EB%86%92%EC%9E%84%EB%A7%90
4f25fe76,높임말,defines,semantics_linguistic,https://ko.wikipedia.org/wiki/%EB%86%92%EC%9E%84%EB%A7%90
4f25fe76,높임말,defines,lawrence_erlbaum,https://ko.wikipedia.org/wiki/%EB%86%92%EC%9E%84%EB%A7%90
4f25fe76,높임말,defines,levinson_stephen,https://ko.wikipedia.org/wiki/%EB%86%92%EC%9E%84%EB%A7%90
4f25fe76,높임말,defines,sifianou_maria,https://ko.wikipedia.org/wiki/%EB%86%92%EC%9E%84%EB%A7%90
4f25fe76,높임말,defines,phenomena_greece_pol,https://ko.wikipedia.org/wiki/%EB%86%92%EC%9E%84%EB%A7%90
4f25fe76,높임말,defines,oxford_university_pr,https://ko.wikipedia.org/wiki/%EB%86%92%EC%9E%84%EB%A7%90
c1a1f1b3,표준어,defines,표준말_통일을,https://ko.wikipedia.org/wiki/%ED%91%9C%EC%A4%80%EC%96%B4
c1a1f1b3,표준어,defines,어떠한_공식적인_의미한다,https://ko.wikipedia.org/wiki/%ED%91%9C%EC%A4%80%EC%96%B4
c1a1f1b3,표준어,defines,수도에서_나라의_대개,https://ko.wikipedia.org/wiki/%ED%91%9C%EC%A4%80%EC%96%B4
c1a1f1b3,표준어,defines,표준어_대한민국_교양,https://ko.wikipedia.org/wiki/%ED%91%9C%EC%A4%80%EC%96%B4
c1a1f1b3,표준어,defines,문화어_표준어,https://ko.wikipedia.org/wiki/%ED%91%9C%EC%A4%80%EC%96%B4
c1a1f1b3,표준어,defines,한국어의_로마자_표기법,https://ko.wikipedia.org/wiki/%ED%91%9C%EC%A4%80%EC%96%B4
38e05bf0,방언,defines,집단에서_일컫는,https://ko.wikipedia.org/wiki/%EB%B0%A9%EC%96%B8
38e05bf0,방언,defines,학술적_분화체를,https://ko.wikipedia.org/wiki/%EB%B0%A9%EC%96%B8
38e05bf0,방언,defines,방언을_계층별,https://ko.wikipedia.org/wiki/%EB%B0%A9%EC%96%B8
38e05bf0,방언,defines,극단적인_개개인이_개인어,https://ko.wikipedia.org/wiki/%EB%B0%A9%EC%96%B8
38e05bf0,방언,defines,통일된_존재하지_완전히,https://ko.wikipedia.org/wiki/%EB%B0%A9%EC%96%B8
38e05bf0,방언,defines,방언을_않는데_기존에,https://ko.wikipedia.org/wiki/%EB%B0%A9%EC%96%B8
38e05bf0,방언,defines,사람들은_자신이_적절한,https://ko.wikipedia.org/wiki/%EB%B0%A9%EC%96%B8
38e05bf0,방언,defines,방언과_의해_언어적,https://ko.wikipedia.org/wiki/%EB%B0%A9%EC%96%B8
38e05bf0,방언,defines,시기,https://ko.wikipedia.org/wiki/%EB%B0%A9%EC%96%B8
38e05bf0,방언,defines,것은_이후이며,https://ko.wikipedia.org/wiki/%EB%B0%A9%EC%96%B8
38e05bf0,방언,defines,변방의_대비되는_용례로도,https://ko.wikipedia.org/wiki/%EB%B0%A9%EC%96%B8
38e05bf0,방언,defines,간행된_한불_이전까지,https://ko.wikipedia.org/wiki/%EB%B0%A9%EC%96%B8
38e05bf0,방언,defines,중앙어를_경음_이라,https://ko.wikipedia.org/wiki/%EB%B0%A9%EC%96%B8
38e05bf0,방언,defines,세기_현대적,https://ko.wikipedia.org/wiki/%EB%B0%A9%EC%96%B8
38e05bf0,방언,defines,언어_시간적_전파,https://ko.wikipedia.org/wiki/%EB%B0%A9%EC%96%B8
38e05bf0,방언,defines,요소로_인하여_분화한,https://ko.wikipedia.org/wiki/%EB%B0%A9%EC%96%B8
38e05bf0,방언,defines,다양성_요인이라_지리적,https://ko.wikipedia.org/wiki/%EB%B0%A9%EC%96%B8
38e05bf0,방언,defines,언어_요소로는,https://ko.wikipedia.org/wiki/%EB%B0%A9%EC%96%B8
38e05bf0,방언,defines,사회적_성별_계층,https://ko.wikipedia.org/wiki/%EB%B0%A9%EC%96%B8
38e05bf0,방언,defines,사용역_맥락에서,https://ko.wikipedia.org/wiki/%EB%B0%A9%EC%96%B8
38e05bf0,방언,defines,대화_표준에_변칙성을,https://ko.wikipedia.org/wiki/%EB%B0%A9%EC%96%B8
38e05bf0,방언,defines,특정_화자들은,https://ko.wikipedia.org/wiki/%EB%B0%A9%EC%96%B8
38e05bf0,방언,defines,힘들다_뚜렷하게,https://ko.wikipedia.org/wiki/%EB%B0%A9%EC%96%B8
38e05bf0,방언,defines,공통된_상당_부분,https://ko.wikipedia.org/wiki/%EB%B0%A9%EC%96%B8
38e05bf0,방언,defines,삼을_명칭이_권력에,https://ko.wikipedia.org/wiki/%EB%B0%A9%EC%96%B8
38e05bf0,방언,contrast_with,서로_근본으로_차이,https://ko.wikipedia.org/wiki/%EB%B0%A9%EC%96%B8
38e05bf0,방언,defines,묶은_하나의,https://ko.wikipedia.org/wiki/%EB%B0%A9%EC%96%B8
38e05bf0,방언,defines,연구와_있어,https://ko.wikipedia.org/wiki/%EB%B0%A9%EC%96%B8
38e05bf0,방언,defines,허나_규정하려_시도는,https://ko.wikipedia.org/wiki/%EB%B0%A9%EC%96%B8
38e05bf0,방언,defines,나누는_가장,https://ko.wikipedia.org/wiki/%EB%B0%A9%EC%96%B8
38e05bf0,방언,defines,일종의_언어으로,https://ko.wikipedia.org/wiki/%EB%B0%A9%EC%96%B8
38e05bf0,방언,defines,언어_구술_기반으로,https://ko.wikipedia.org/wiki/%EB%B0%A9%EC%96%B8
38e05bf0,방언,defines,언어는_어족의_힌디어,https://ko.wikipedia.org/wiki/%EB%B0%A9%EC%96%B8
38e05bf0,방언,defines,거리는_어족을_정하거나,https://ko.wikipedia.org/wiki/%EB%B0%A9%EC%96%B8
38e05bf0,방언,example_of,간주된다,https://ko.wikipedia.org/wiki/%EB%B0%A9%EC%96%B8
38e05bf0,방언,subtype_of,구분_기준에_따르면,https://ko.wikipedia.org/wiki/%EB%B0%A9%EC%96%B8
38e05bf0,방언,defines,자매_언어의_면에서,https://ko.wikipedia.org/wiki/%EB%B0%A9%EC%96%B8
38e05bf0,방언,defines,언어인,https://ko.wikipedia.org/wiki/%EB%B0%A9%EC%96%B8
38e05bf0,방언,defines,가까우면_측면에서,https://ko.wikipedia.org/wiki/%EB%B0%A9%EC%96%B8
38e05bf0,방언,defines,유사성이_말들은_것이라고,https://ko.wikipedia.org/wiki/%EB%B0%A9%EC%96%B8
38e05bf0,방언,defines,체계의_전반을,https://ko.wikipedia.org/wiki/%EB%B0%A9%EC%96%B8
38e05bf0,방언,defines,변화의_예시로,https://ko.wikipedia.org/wiki/%EB%B0%A9%EC%96%B8
38e05bf0,방언,defines,대한_언어에_가능하게,https://ko.wikipedia.org/wiki/%EB%B0%A9%EC%96%B8
38e05bf0,방언,defines,연구하기_위해선_자료에,https://ko.wikipedia.org/wiki/%EB%B0%A9%EC%96%B8
38e05bf0,방언,defines,언어의_있다고,https://ko.wikipedia.org/wiki/%EB%B0%A9%EC%96%B8
38e05bf0,방언,defines,언어의,https://ko.wikipedia.org/wiki/%EB%B0%A9%EC%96%B8
38e05bf0,방언,defines,어휘가,https://ko.wikipedia.org/wiki/%EB%B0%A9%EC%96%B8
38e05bf0,방언,defines,사라지고_음운을,https://ko.wikipedia.org/wiki/%EB%B0%A9%EC%96%B8
38e05bf0,방언,defines,방언과_연구의_중점이,https://ko.wikipedia.org/wiki/%EB%B0%A9%EC%96%B8
38e05bf0,방언,defines,개념은_다루는,https://ko.wikipedia.org/wiki/%EB%B0%A9%EC%96%B8
38e05bf0,방언,defines,사용되는_어형과,https://ko.wikipedia.org/wiki/%EB%B0%A9%EC%96%B8
38e05bf0,방언,defines,raimo_anttila,https://ko.wikipedia.org/wiki/%EB%B0%A9%EC%96%B8
38e05bf0,방언,defines,an_introduction_to,https://ko.wikipedia.org/wiki/%EB%B0%A9%EC%96%B8
38e05bf0,방언,defines,publishing_co_inc,https://ko.wikipedia.org/wiki/%EB%B0%A9%EC%96%B8
38e05bf0,방언,defines,collier_publishers_m,https://ko.wikipedia.org/wiki/%EB%B0%A9%EC%96%B8
38e05bf0,방언,defines,소쉬르의_강의노트,https://ko.wikipedia.org/wiki/%EB%B0%A9%EC%96%B8
38e05bf0,방언,defines,언어학,https://ko.wikipedia.org/wiki/%EB%B0%A9%EC%96%B8
38e05bf0,방언,defines,일에_확인함,https://ko.wikipedia.org/wiki/%EB%B0%A9%EC%96%B8
38e05bf0,방언,defines,정승철,https://ko.wikipedia.org/wiki/%EB%B0%A9%EC%96%B8
38e05bf0,방언,defines,개념사_방언,https://ko.wikipedia.org/wiki/%EB%B0%A9%EC%96%B8
38e05bf0,방언,defines,방언학,https://ko.wikipedia.org/wiki/%EB%B0%A9%EC%96%B8
38e05bf0,방언,defines,최명옥,https://ko.wikipedia.org/wiki/%EB%B0%A9%EC%96%B8
38e05bf0,방언,defines,체계,https://ko.wikipedia.org/wiki/%EB%B0%A9%EC%96%B8
38e05bf0,방언,defines,하신영,https://ko.wikipedia.org/wiki/%EB%B0%A9%EC%96%B8
38e05bf0,방언,defines,악센트와_악센트의_개념에,https://ko.wikipedia.org/wiki/%EB%B0%A9%EC%96%B8
38e05bf0,방언,defines,gordon_matthew,https://ko.wikipedia.org/wiki/%EB%B0%A9%EC%96%B8
38e05bf0,방언,defines,structural_dialectol,https://ko.wikipedia.org/wiki/%EB%B0%A9%EC%96%B8
38e05bf0,방언,defines,handbook_of_dialecto,https://ko.wikipedia.org/wiki/%EB%B0%A9%EC%96%B8
38e05bf0,방언,defines,ch_doi,https://ko.wikipedia.org/wiki/%EB%B0%A9%EC%96%B8
38e05bf0,방언,defines,곽충구,https://ko.wikipedia.org/wiki/%EB%B0%A9%EC%96%B8
38e05bf0,방언,defines,옛말을_간직한_함경도,https://ko.wikipedia.org/wiki/%EB%B0%A9%EC%96%B8
38e05bf0,방언,defines,새국어생활_국립국어원,https://ko.wikipedia.org/wiki/%EB%B0%A9%EC%96%B8
38e05bf0,방언,defines,박경래,https://ko.wikipedia.org/wiki/%EB%B0%A9%EC%96%B8
38e05bf0,방언,defines,내고향은,https://ko.wikipedia.org/wiki/%EB%B0%A9%EC%96%B8
38e05bf0,방언,defines,글이_관련,https://ko.wikipedia.org/wiki/%EB%B0%A9%EC%96%B8
38e05bf0,방언,defines,공용에_미디어,https://ko.wikipedia.org/wiki/%EB%B0%A9%EC%96%B8
4aba5a51,인터넷_속어,defines,인터넷_속어이며,https://ko.wikipedia.org/wiki/%EC%9D%B8%ED%84%B0%EB%84%B7_%EC%86%8D%EC%96%B4
4aba5a51,인터넷_속어,defines,인터넷의_특성상_시간이,https://ko.wikipedia.org/wiki/%EC%9D%B8%ED%84%B0%EB%84%B7_%EC%86%8D%EC%96%B4
4a748d47,맞춤법,defines,언어를_정자법_철자법,https://ko.wikipedia.org/wiki/%EB%A7%9E%EC%B6%A4%EB%B2%95
4a748d47,맞춤법,defines,또는_표기하기_규칙,https://ko.wikipedia.org/wiki/%EB%A7%9E%EC%B6%A4%EB%B2%95
4a748d47,맞춤법,contrast_with,맞춤법은_구별된다,https://ko.wikipedia.org/wiki/%EB%A7%9E%EC%B6%A4%EB%B2%95
4a748d47,맞춤법,defines,국내_국제_상당한,https://ko.wikipedia.org/wiki/%EB%A7%9E%EC%B6%A4%EB%B2%95
4a748d47,맞춤법,defines,과정은_이상,https://ko.wikipedia.org/wiki/%EB%A7%9E%EC%B6%A4%EB%B2%95
4a748d47,맞춤법,defines,눈에_띄는,https://ko.wikipedia.org/wiki/%EB%A7%9E%EC%B6%A4%EB%B2%95
4a748d47,맞춤법,defines,honor_honour_and,https://ko.wikipedia.org/wiki/%EB%A7%9E%EC%B6%A4%EB%B2%95
4a748d47,맞춤법,defines,영어로는,https://ko.wikipedia.org/wiki/%EB%A7%9E%EC%B6%A4%EB%B2%95
4a748d47,맞춤법,defines,한국어의_로마자_표기법,https://ko.wikipedia.org/wiki/%EB%A7%9E%EC%B6%A4%EB%B2%95
4a748d47,맞춤법,defines,온라인_검사기_보관됨,https://ko.wikipedia.org/wiki/%EB%A7%9E%EC%B6%A4%EB%B2%95
ccb9a38a,예사말,defines,반말은_높임_예사말,https://ko.wikipedia.org/wiki/%EC%98%88%EC%82%AC%EB%A7%90
ccb9a38a,예사말,defines,관계가_아닐_경우에,https://ko.wikipedia.org/wiki/%EC%98%88%EC%82%AC%EB%A7%90
ccb9a38a,예사말,defines,예사말_글이,https://ko.wikipedia.org/wiki/%EC%98%88%EC%82%AC%EB%A7%90
461ec93f,속어,defines,화자가_속되게,https://ko.wikipedia.org/wiki/%EC%86%8D%EC%96%B4
461ec93f,속어,defines,일반_대중에게,https://ko.wikipedia.org/wiki/%EC%86%8D%EC%96%B4
461ec93f,속어,defines,평판이_뜻하였다_낮은,https://ko.wikipedia.org/wiki/%EC%86%8D%EC%96%B4
461ec93f,속어,defines,중산_계급의_어법에,https://ko.wikipedia.org/wiki/%EC%86%8D%EC%96%B4
461ec93f,속어,defines,느슨하게_걸다,https://ko.wikipedia.org/wiki/%EC%86%8D%EC%96%B4
461ec93f,속어,defines,단어,https://ko.wikipedia.org/wiki/%EC%86%8D%EC%96%B4
461ec93f,속어,defines,글자_알파벳,https://ko.wikipedia.org/wiki/%EC%86%8D%EC%96%B4
461ec93f,속어,defines,개념으로_토속적인_글에서,https://ko.wikipedia.org/wiki/%EC%86%8D%EC%96%B4
461ec93f,속어,defines,말로_정의된다,https://ko.wikipedia.org/wiki/%EC%86%8D%EC%96%B4
461ec93f,속어,defines,집단에_속한,https://ko.wikipedia.org/wiki/%EC%86%8D%EC%96%B4
461ec93f,속어,defines,결국_개인적인_욕구에,https://ko.wikipedia.org/wiki/%EC%86%8D%EC%96%B4
461ec93f,속어,defines,보통어_표현_속어가,https://ko.wikipedia.org/wiki/%EC%86%8D%EC%96%B4
461ec93f,속어,defines,다음은_속어의_예이다,https://ko.wikipedia.org/wiki/%EC%86%8D%EC%96%B4
461ec93f,속어,defines,점에서_점잖지_못하고,https://ko.wikipedia.org/wiki/%EC%86%8D%EC%96%B4
461ec93f,속어,defines,둘은_비속어,https://ko.wikipedia.org/wiki/%EC%86%8D%EC%96%B4
461ec93f,속어,defines,야비하며_천하지,https://ko.wikipedia.org/wiki/%EC%86%8D%EC%96%B4
461ec93f,속어,defines,들어서_불쾌감과,https://ko.wikipedia.org/wiki/%EC%86%8D%EC%96%B4
461ec93f,속어,defines,욕설_남을,https://ko.wikipedia.org/wiki/%EC%86%8D%EC%96%B4
461ec93f,속어,defines,단어나_구성된,https://ko.wikipedia.org/wiki/%EC%86%8D%EC%96%B4
461ec93f,속어,defines,심지어_비난이나,https://ko.wikipedia.org/wiki/%EC%86%8D%EC%96%B4
461ec93f,속어,contrast_with,구별하기,https://ko.wikipedia.org/wiki/%EC%86%8D%EC%96%B4
461ec93f,속어,defines,집단보다_속어로,https://ko.wikipedia.org/wiki/%EC%86%8D%EC%96%B4
461ec93f,속어,defines,쓰이는_속어는,https://ko.wikipedia.org/wiki/%EC%86%8D%EC%96%B4
461ec93f,속어,defines,획득하면_빠른_유행어는,https://ko.wikipedia.org/wiki/%EC%86%8D%EC%96%B4
461ec93f,속어,defines,금세_많다는_점에서도,https://ko.wikipedia.org/wiki/%EC%86%8D%EC%96%B4
461ec93f,속어,defines,대화_싶을_표시할,https://ko.wikipedia.org/wiki/%EC%86%8D%EC%96%B4
461ec93f,속어,defines,그래서_표현도_단지,https://ko.wikipedia.org/wiki/%EC%86%8D%EC%96%B4
461ec93f,속어,defines,자제하는_사용을_배경을,https://ko.wikipedia.org/wiki/%EC%86%8D%EC%96%B4
461ec93f,속어,defines,국어_어휘론_개설,https://ko.wikipedia.org/wiki/%EC%86%8D%EC%96%B4
461ec93f,속어,defines,isbn,https://ko.wikipedia.org/wiki/%EC%86%8D%EC%96%B4
461ec93f,속어,defines,비속어와_욕설의_개념에,https://ko.wikipedia.org/wiki/%EC%86%8D%EC%96%B4
461ec93f,속어,defines,어문론집,https://ko.wikipedia.org/wiki/%EC%86%8D%EC%96%B4
461ec93f,속어,defines,jll_doi,https://ko.wikipedia.org/wiki/%EC%86%8D%EC%96%B4
461ec93f,속어,defines,issn,https://ko.wikipedia.org/wiki/%EC%86%8D%EC%96%B4
461ec93f,속어,defines,일에_확인함,https://ko.wikipedia.org/wiki/%EC%86%8D%EC%96%B4
461ec93f,속어,defines,우리말_어원_연구,https://ko.wikipedia.org/wiki/%EC%86%8D%EC%96%B4
461ec93f,속어,defines,충북_출판부,https://ko.wikipedia.org/wiki/%EC%86%8D%EC%96%B4
461ec93f,속어,defines,공용에_미디어,https://ko.wikipedia.org/wiki/%EC%86%8D%EC%96%B4
42f03079,신조어,defines,새로_또는_신어,https://ko.wikipedia.org/wiki/%EC%8B%A0%EC%A1%B0%EC%96%B4
42f03079,신조어,defines,일반어의_준말_혼종어,https://ko.wikipedia.org/wiki/%EC%8B%A0%EC%A1%B0%EC%96%B4
42f03079,신조어,defines,표준어로_인정되어,https://ko.wikipedia.org/wiki/%EC%8B%A0%EC%A1%B0%EC%96%B4
42f03079,신조어,defines,주류_사용되지,https://ko.wikipedia.org/wiki/%EC%8B%A0%EC%A1%B0%EC%96%B4
42f03079,신조어,defines,목록_인터넷_신조어,https://ko.wikipedia.org/wiki/%EC%8B%A0%EC%A1%B0%EC%96%B4
42f03079,신조어,defines,공용에_미디어,https://ko.wikipedia.org/wiki/%EC%8B%A0%EC%A1%B0%EC%96%B4
33a76e08,관용구,defines,관용구,https://ko.wikipedia.org/wiki/%EA%B4%80%EC%9A%A9%EA%B5%AC
33a76e08,관용구,defines,넓다_극히_드물게,https://ko.wikipedia.org/wiki/%EA%B4%80%EC%9A%A9%EA%B5%AC
eda44f21,외래어,defines,고유어가_외국에서_들여와,https://ko.wikipedia.org/wiki/%EC%99%B8%EB%9E%98%EC%96%B4
eda44f21,외래어,defines,용어로_차용어_의미의,https://ko.wikipedia.org/wiki/%EC%99%B8%EB%9E%98%EC%96%B4
eda44f21,외래어,defines,또는_해당되는_가져온,https://ko.wikipedia.org/wiki/%EC%99%B8%EB%9E%98%EC%96%B4
eda44f21,외래어,defines,또는_단어와_차용되는,https://ko.wikipedia.org/wiki/%EC%99%B8%EB%9E%98%EC%96%B4
eda44f21,외래어,defines,자체는,https://ko.wikipedia.org/wiki/%EC%99%B8%EB%9E%98%EC%96%B4
eda44f21,외래어,defines,영향력이_정치적,https://ko.wikipedia.org/wiki/%EC%99%B8%EB%9E%98%EC%96%B4
eda44f21,외래어,defines,그러한_새로운,https://ko.wikipedia.org/wiki/%EC%99%B8%EB%9E%98%EC%96%B4
eda44f21,외래어,defines,한국어가_근세에,https://ko.wikipedia.org/wiki/%EC%99%B8%EB%9E%98%EC%96%B4
eda44f21,외래어,defines,점령국의_섞여,https://ko.wikipedia.org/wiki/%EC%99%B8%EB%9E%98%EC%96%B4
eda44f21,외래어,defines,노르만_정복_미친,https://ko.wikipedia.org/wiki/%EC%99%B8%EB%9E%98%EC%96%B4
eda44f21,외래어,defines,상태가_계속되면,https://ko.wikipedia.org/wiki/%EC%99%B8%EB%9E%98%EC%96%B4
eda44f21,외래어,defines,영어화,https://ko.wikipedia.org/wiki/%EC%99%B8%EB%9E%98%EC%96%B4
eda44f21,외래어,defines,종교_전래에_말과,https://ko.wikipedia.org/wiki/%EC%99%B8%EB%9E%98%EC%96%B4
eda44f21,외래어,defines,이슬람교_아랍_기독교,https://ko.wikipedia.org/wiki/%EC%99%B8%EB%9E%98%EC%96%B4
eda44f21,외래어,defines,않아도_문화가_용어가,https://ko.wikipedia.org/wiki/%EC%99%B8%EB%9E%98%EC%96%B4
eda44f21,외래어,defines,아니메_망가,https://ko.wikipedia.org/wiki/%EC%99%B8%EB%9E%98%EC%96%B4
eda44f21,외래어,defines,특산물_독특한_사물에,https://ko.wikipedia.org/wiki/%EC%99%B8%EB%9E%98%EC%96%B4
eda44f21,외래어,defines,김치_아오자이_아이누,https://ko.wikipedia.org/wiki/%EC%99%B8%EB%9E%98%EC%96%B4
eda44f21,외래어,defines,독일_학자인_베르너,https://ko.wikipedia.org/wiki/%EC%99%B8%EB%9E%98%EC%96%B4
eda44f21,외래어,defines,베츠의_외래_수용,https://ko.wikipedia.org/wiki/%EC%99%B8%EB%9E%98%EC%96%B4
eda44f21,외래어,defines,이들의_유럽의_대상으로,https://ko.wikipedia.org/wiki/%EC%99%B8%EB%9E%98%EC%96%B4
eda44f21,외래어,defines,외국어_변형없이_들여,https://ko.wikipedia.org/wiki/%EC%99%B8%EB%9E%98%EC%96%B4
eda44f21,외래어,defines,caf_프랑스어에서_이탈리아어,https://ko.wikipedia.org/wiki/%EC%99%B8%EB%9E%98%EC%96%B4
eda44f21,외래어,defines,현지_정도_변형함,https://ko.wikipedia.org/wiki/%EC%99%B8%EB%9E%98%EC%96%B4
eda44f21,외래어,defines,프랑스어,https://ko.wikipedia.org/wiki/%EC%99%B8%EB%9E%98%EC%96%B4
eda44f21,외래어,defines,일부는_바꿈,https://ko.wikipedia.org/wiki/%EC%99%B8%EB%9E%98%EC%96%B4
eda44f21,외래어,defines,독일어_영어,https://ko.wikipedia.org/wiki/%EC%99%B8%EB%9E%98%EC%96%B4
eda44f21,외래어,defines,낱낱의_단위로_쪼개어,https://ko.wikipedia.org/wiki/%EC%99%B8%EB%9E%98%EC%96%B4
eda44f21,외래어,defines,영어,https://ko.wikipedia.org/wiki/%EC%99%B8%EB%9E%98%EC%96%B4
eda44f21,외래어,origin_of,발생_욕구에서_바꾸고자,https://ko.wikipedia.org/wiki/%EC%99%B8%EB%9E%98%EC%96%B4
eda44f21,외래어,defines,단무지,https://ko.wikipedia.org/wiki/%EC%99%B8%EB%9E%98%EC%96%B4
eda44f21,외래어,defines,낱말에_없던_들어오는,https://ko.wikipedia.org/wiki/%EC%99%B8%EB%9E%98%EC%96%B4
eda44f21,외래어,defines,라틴어,https://ko.wikipedia.org/wiki/%EC%99%B8%EB%9E%98%EC%96%B4
eda44f21,외래어,defines,하나님_성경을,https://ko.wikipedia.org/wiki/%EC%99%B8%EB%9E%98%EC%96%B4
eda44f21,외래어,defines,대명사로_인칭_용법이,https://ko.wikipedia.org/wiki/%EC%99%B8%EB%9E%98%EC%96%B4
eda44f21,외래어,defines,표기한다_자국어의_드물고,https://ko.wikipedia.org/wiki/%EC%99%B8%EB%9E%98%EC%96%B4
eda44f21,외래어,defines,두자어를_노출하는_흔하다,https://ko.wikipedia.org/wiki/%EC%99%B8%EB%9E%98%EC%96%B4
eda44f21,외래어,defines,한국어_영어,https://ko.wikipedia.org/wiki/%EC%99%B8%EB%9E%98%EC%96%B4
eda44f21,외래어,defines,표음적인_키릴_정도에,https://ko.wikipedia.org/wiki/%EC%99%B8%EB%9E%98%EC%96%B4
eda44f21,외래어,defines,자기_영어,https://ko.wikipedia.org/wiki/%EC%99%B8%EB%9E%98%EC%96%B4
eda44f21,외래어,defines,partchi_park의_베트남어에서,https://ko.wikipedia.org/wiki/%EC%99%B8%EB%9E%98%EC%96%B4
eda44f21,외래어,defines,읽는_음으로_한자어를,https://ko.wikipedia.org/wiki/%EC%99%B8%EB%9E%98%EC%96%B4
eda44f21,외래어,defines,음으로_읽는_자국어,https://ko.wikipedia.org/wiki/%EC%99%B8%EB%9E%98%EC%96%B4
eda44f21,외래어,defines,전달을_하기,https://ko.wikipedia.org/wiki/%EC%99%B8%EB%9E%98%EC%96%B4
eda44f21,외래어,defines,중국어의_에서_일본어,https://ko.wikipedia.org/wiki/%EC%99%B8%EB%9E%98%EC%96%B4
eda44f21,외래어,defines,쇼군_에서_일본어,https://ko.wikipedia.org/wiki/%EC%99%B8%EB%9E%98%EC%96%B4
eda44f21,외래어,defines,도쿄역_뒷부분은_읽음,https://ko.wikipedia.org/wiki/%EC%99%B8%EB%9E%98%EC%96%B4
eda44f21,외래어,defines,접사와_관용구의_차용,https://ko.wikipedia.org/wiki/%EC%99%B8%EB%9E%98%EC%96%B4
eda44f21,외래어,defines,차용어는_낱말만_들어오지,https://ko.wikipedia.org/wiki/%EC%99%B8%EB%9E%98%EC%96%B4
eda44f21,외래어,defines,대량으로_영향이,https://ko.wikipedia.org/wiki/%EC%99%B8%EB%9E%98%EC%96%B4
eda44f21,외래어,defines,접미사_데키,https://ko.wikipedia.org/wiki/%EC%99%B8%EB%9E%98%EC%96%B4
eda44f21,외래어,defines,차용되어,https://ko.wikipedia.org/wiki/%EC%99%B8%EB%9E%98%EC%96%B4
eda44f21,외래어,example_of,쓰인다_같이,https://ko.wikipedia.org/wiki/%EC%99%B8%EB%9E%98%EC%96%B4
eda44f21,외래어,defines,뜨거운_감자,https://ko.wikipedia.org/wiki/%EC%99%B8%EB%9E%98%EC%96%B4
eda44f21,외래어,defines,새빨간_거짓말_에서,https://ko.wikipedia.org/wiki/%EC%99%B8%EB%9E%98%EC%96%B4
eda44f21,외래어,defines,차용에_소리와_바뀜,https://ko.wikipedia.org/wiki/%EC%99%B8%EB%9E%98%EC%96%B4
eda44f21,외래어,contrast_with,빌려_변화한다_차이에,https://ko.wikipedia.org/wiki/%EC%99%B8%EB%9E%98%EC%96%B4
eda44f21,외래어,defines,차용을_변동이_뉘앙스에,https://ko.wikipedia.org/wiki/%EC%99%B8%EB%9E%98%EC%96%B4
eda44f21,외래어,example_of,야채_자연스레_푸성귀,https://ko.wikipedia.org/wiki/%EC%99%B8%EB%9E%98%EC%96%B4
eda44f21,외래어,defines,지속되면_사어가_되거나,https://ko.wikipedia.org/wiki/%EC%99%B8%EB%9E%98%EC%96%B4
eda44f21,외래어,defines,영어에_갖게,https://ko.wikipedia.org/wiki/%EC%99%B8%EB%9E%98%EC%96%B4
eda44f21,외래어,defines,문화권_차지하는_비중도,https://ko.wikipedia.org/wiki/%EC%99%B8%EB%9E%98%EC%96%B4
eda44f21,외래어,defines,말이었던_격이_낮아진,https://ko.wikipedia.org/wiki/%EC%99%B8%EB%9E%98%EC%96%B4
eda44f21,외래어,defines,마담_남의,https://ko.wikipedia.org/wiki/%EC%99%B8%EB%9E%98%EC%96%B4
eda44f21,외래어,defines,발음_일본어가,https://ko.wikipedia.org/wiki/%EC%99%B8%EB%9E%98%EC%96%B4
eda44f21,외래어,defines,sexual_harassment_se,https://ko.wikipedia.org/wiki/%EC%99%B8%EB%9E%98%EC%96%B4
eda44f21,외래어,defines,뷔페식_가리키는_바이킹,https://ko.wikipedia.org/wiki/%EC%99%B8%EB%9E%98%EC%96%B4
eda44f21,외래어,defines,규칙에_자격을,https://ko.wikipedia.org/wiki/%EC%99%B8%EB%9E%98%EC%96%B4
eda44f21,외래어,defines,한국어에_파생어도,https://ko.wikipedia.org/wiki/%EC%99%B8%EB%9E%98%EC%96%B4
eda44f21,외래어,defines,어원과_원초_어원,https://ko.wikipedia.org/wiki/%EC%99%B8%EB%9E%98%EC%96%B4
eda44f21,외래어,defines,어원은_낱말을_언어가,https://ko.wikipedia.org/wiki/%EC%99%B8%EB%9E%98%EC%96%B4
eda44f21,외래어,defines,낱말뿐_형태소,https://ko.wikipedia.org/wiki/%EC%99%B8%EB%9E%98%EC%96%B4
eda44f21,외래어,defines,대량의_낱말과,https://ko.wikipedia.org/wiki/%EC%99%B8%EB%9E%98%EC%96%B4
eda44f21,외래어,defines,아랍어_몽골어_투바어,https://ko.wikipedia.org/wiki/%EC%99%B8%EB%9E%98%EC%96%B4
eda44f21,외래어,defines,외래어_한국어의_표기법,https://ko.wikipedia.org/wiki/%EC%99%B8%EB%9E%98%EC%96%B4
eda44f21,외래어,origin_of,기원의_단어_한국어,https://ko.wikipedia.org/wiki/%EC%99%B8%EB%9E%98%EC%96%B4
eda44f21,외래어,defines,일본어를_안다_어휘,https://ko.wikipedia.org/wiki/%EC%99%B8%EB%9E%98%EC%96%B4
eda44f21,외래어,defines,한글사랑_서울사랑,https://ko.wikipedia.org/wiki/%EC%99%B8%EB%9E%98%EC%96%B4
ca186da8,띄어쓰기,defines,띄여쓰기_필자가,https://ko.wikipedia.org/wiki/%EB%9D%84%EC%96%B4%EC%93%B0%EA%B8%B0
ca186da8,띄어쓰기,defines,것을_지칭하는_구두점,https://ko.wikipedia.org/wiki/%EB%9D%84%EC%96%B4%EC%93%B0%EA%B8%B0
ca186da8,띄어쓰기,defines,한글은_근대까지,https://ko.wikipedia.org/wiki/%EB%9D%84%EC%96%B4%EC%93%B0%EA%B8%B0
ca186da8,띄어쓰기,defines,한국어_장로교_국교회,https://ko.wikipedia.org/wiki/%EB%9D%84%EC%96%B4%EC%93%B0%EA%B8%B0
ca186da8,띄어쓰기,defines,국내에서_실제로_활용한,https://ko.wikipedia.org/wiki/%EB%9D%84%EC%96%B4%EC%93%B0%EA%B8%B0
ca186da8,띄어쓰기,defines,헐버트가_일했던_감리교,https://ko.wikipedia.org/wiki/%EB%9D%84%EC%96%B4%EC%93%B0%EA%B8%B0
ca186da8,띄어쓰기,defines,통일안을,https://ko.wikipedia.org/wiki/%EB%9D%84%EC%96%B4%EC%93%B0%EA%B8%B0
ca186da8,띄어쓰기,defines,라틴어에서_시작되었다_띄어쓰기는,https://ko.wikipedia.org/wiki/%EB%9D%84%EC%96%B4%EC%93%B0%EA%B8%B0
ca186da8,띄어쓰기,defines,원래는_년경에,https://ko.wikipedia.org/wiki/%EB%9D%84%EC%96%B4%EC%93%B0%EA%B8%B0
ca186da8,띄어쓰기,defines,널리_방식은_배우는,https://ko.wikipedia.org/wiki/%EB%9D%84%EC%96%B4%EC%93%B0%EA%B8%B0
ca186da8,띄어쓰기,defines,서양의_글쓰기,https://ko.wikipedia.org/wiki/%EB%9D%84%EC%96%B4%EC%93%B0%EA%B8%B0
ca186da8,띄어쓰기,defines,현대,https://ko.wikipedia.org/wiki/%EB%9D%84%EC%96%B4%EC%93%B0%EA%B8%B0
ca186da8,띄어쓰기,defines,글쓰기에,https://ko.wikipedia.org/wiki/%EB%9D%84%EC%96%B4%EC%93%B0%EA%B8%B0
ca186da8,띄어쓰기,subtype_of,따르지는_영어는,https://ko.wikipedia.org/wiki/%EB%9D%84%EC%96%B4%EC%93%B0%EA%B8%B0
ca186da8,띄어쓰기,defines,이용하여_하지,https://ko.wikipedia.org/wiki/%EB%9D%84%EC%96%B4%EC%93%B0%EA%B8%B0
ca186da8,띄어쓰기,defines,아랍어는,https://ko.wikipedia.org/wiki/%EB%9D%84%EC%96%B4%EC%93%B0%EA%B8%B0
ca186da8,띄어쓰기,origin_of,공백을_라틴어가_기원인,https://ko.wikipedia.org/wiki/%EB%9D%84%EC%96%B4%EC%93%B0%EA%B8%B0
ca186da8,띄어쓰기,defines,단어들과_조사들이_순서로,https://ko.wikipedia.org/wiki/%EB%9D%84%EC%96%B4%EC%93%B0%EA%B8%B0
ca186da8,띄어쓰기,defines,제대로_되면,https://ko.wikipedia.org/wiki/%EB%9D%84%EC%96%B4%EC%93%B0%EA%B8%B0
ca186da8,띄어쓰기,defines,방에_염려는,https://ko.wikipedia.org/wiki/%EB%9D%84%EC%96%B4%EC%93%B0%EA%B8%B0
ca186da8,띄어쓰기,example_of,아래는_중요성을_사례다,https://ko.wikipedia.org/wiki/%EB%9D%84%EC%96%B4%EC%93%B0%EA%B8%B0
ca186da8,띄어쓰기,defines,잘못된_의미로_바뀌는,https://ko.wikipedia.org/wiki/%EB%9D%84%EC%96%B4%EC%93%B0%EA%B8%B0
ca186da8,띄어쓰기,defines,내동_생고기_내동생,https://ko.wikipedia.org/wiki/%EB%9D%84%EC%96%B4%EC%93%B0%EA%B8%B0
ca186da8,띄어쓰기,defines,동시흥_분기점_동시,https://ko.wikipedia.org/wiki/%EB%9D%84%EC%96%B4%EC%93%B0%EA%B8%B0
ca186da8,띄어쓰기,defines,대학생_선교회_생선,https://ko.wikipedia.org/wiki/%EB%9D%84%EC%96%B4%EC%93%B0%EA%B8%B0
ca186da8,띄어쓰기,defines,공장_농협_용인,https://ko.wikipedia.org/wiki/%EB%9D%84%EC%96%B4%EC%93%B0%EA%B8%B0
ca186da8,띄어쓰기,defines,할머니가_죽을_먹습니다,https://ko.wikipedia.org/wiki/%EB%9D%84%EC%96%B4%EC%93%B0%EA%B8%B0
ca186da8,띄어쓰기,defines,할머니_가죽을_먹습니다,https://ko.wikipedia.org/wiki/%EB%9D%84%EC%96%B4%EC%93%B0%EA%B8%B0
ca186da8,띄어쓰기,defines,의미로_바뀌는,https://ko.wikipedia.org/wiki/%EB%9D%84%EC%96%B4%EC%93%B0%EA%B8%B0
ca186da8,띄어쓰기,defines,다오_나물,https://ko.wikipedia.org/wiki/%EB%9D%84%EC%96%B4%EC%93%B0%EA%B8%B0
ca186da8,띄어쓰기,defines,친구가_자꾸만_져요,https://ko.wikipedia.org/wiki/%EB%9D%84%EC%96%B4%EC%93%B0%EA%B8%B0
ca186da8,띄어쓰기,defines,없다_걔밖에_있음,https://ko.wikipedia.org/wiki/%EB%9D%84%EC%96%B4%EC%93%B0%EA%B8%B0
ca186da8,띄어쓰기,defines,사는구나_평안함,https://ko.wikipedia.org/wiki/%EB%9D%84%EC%96%B4%EC%93%B0%EA%B8%B0
ca186da8,띄어쓰기,defines,대원칙이_있어서_규칙이,https://ko.wikipedia.org/wiki/%EB%9D%84%EC%96%B4%EC%93%B0%EA%B8%B0
ca186da8,띄어쓰기,defines,힘든_규정이_있기,https://ko.wikipedia.org/wiki/%EB%9D%84%EC%96%B4%EC%93%B0%EA%B8%B0
ca186da8,띄어쓰기,defines,따라서는_경우에_수도,https://ko.wikipedia.org/wiki/%EB%9D%84%EC%96%B4%EC%93%B0%EA%B8%B0
ca186da8,띄어쓰기,example_of,대학교_사범,https://ko.wikipedia.org/wiki/%EB%9D%84%EC%96%B4%EC%93%B0%EA%B8%B0
ca186da8,띄어쓰기,defines,전자가_원칙이고_후자는,https://ko.wikipedia.org/wiki/%EB%9D%84%EC%96%B4%EC%93%B0%EA%B8%B0
ca186da8,띄어쓰기,defines,사범대학_범위에서,https://ko.wikipedia.org/wiki/%EB%9D%84%EC%96%B4%EC%93%B0%EA%B8%B0
ca186da8,띄어쓰기,defines,한국인들_중에서도,https://ko.wikipedia.org/wiki/%EB%9D%84%EC%96%B4%EC%93%B0%EA%B8%B0
ca186da8,띄어쓰기,defines,한글에는_없었지만,https://ko.wikipedia.org/wiki/%EB%9D%84%EC%96%B4%EC%93%B0%EA%B8%B0
ca186da8,띄어쓰기,defines,해야만_분명하다_구조상,https://ko.wikipedia.org/wiki/%EB%9D%84%EC%96%B4%EC%93%B0%EA%B8%B0
ca186da8,띄어쓰기,defines,입장에서_여지만_지키지,https://ko.wikipedia.org/wiki/%EB%9D%84%EC%96%B4%EC%93%B0%EA%B8%B0
ca186da8,띄어쓰기,example_of,할수_할수있다_써도,https://ko.wikipedia.org/wiki/%EB%9D%84%EC%96%B4%EC%93%B0%EA%B8%B0
ca186da8,띄어쓰기,defines,실제_내에서,https://ko.wikipedia.org/wiki/%EB%9D%84%EC%96%B4%EC%93%B0%EA%B8%B0
ca186da8,띄어쓰기,defines,제기하는_이들도_실정이다,https://ko.wikipedia.org/wiki/%EB%9D%84%EC%96%B4%EC%93%B0%EA%B8%B0
ca186da8,띄어쓰기,defines,조사는_쓰지_띄어,https://ko.wikipedia.org/wiki/%EB%9D%84%EC%96%B4%EC%93%B0%EA%B8%B0
ca186da8,띄어쓰기,defines,어미_붙는_경우에도,https://ko.wikipedia.org/wiki/%EB%9D%84%EC%96%B4%EC%93%B0%EA%B8%B0
ca186da8,띄어쓰기,defines,겹칠_경우에도_조사가,https://ko.wikipedia.org/wiki/%EB%9D%84%EC%96%B4%EC%93%B0%EA%B8%B0
ca186da8,띄어쓰기,defines,단위를_명사_나타내는,https://ko.wikipedia.org/wiki/%EB%9D%84%EC%96%B4%EC%93%B0%EA%B8%B0
ca186da8,띄어쓰기,defines,예시_마리는_앞말과,https://ko.wikipedia.org/wiki/%EB%9D%84%EC%96%B4%EC%93%B0%EA%B8%B0
ca186da8,띄어쓰기,defines,순서를_숫자와_어울려,https://ko.wikipedia.org/wiki/%EB%9D%84%EC%96%B4%EC%93%B0%EA%B8%B0
ca186da8,띄어쓰기,defines,명사는_의존_앞말과,https://ko.wikipedia.org/wiki/%EB%9D%84%EC%96%B4%EC%93%B0%EA%B8%B0
ca186da8,띄어쓰기,defines,잘림_방지_공백,https://ko.wikipedia.org/wiki/%EB%9D%84%EC%96%B4%EC%93%B0%EA%B8%B0
ca186da8,띄어쓰기,defines,로스_한글에_도입,https://ko.wikipedia.org/wiki/%EB%9D%84%EC%96%B4%EC%93%B0%EA%B8%B0
ca186da8,띄어쓰기,defines,헐버트_주창_호머,https://ko.wikipedia.org/wiki/%EB%9D%84%EC%96%B4%EC%93%B0%EA%B8%B0
ca186da8,띄어쓰기,defines,한국어의_로마자_표기법,https://ko.wikipedia.org/wiki/%EB%9D%84%EC%96%B4%EC%93%B0%EA%B8%B0
ca186da8,띄어쓰기,defines,체계편_외국인을,https://ko.wikipedia.org/wiki/%EB%9D%84%EC%96%B4%EC%93%B0%EA%B8%B0
33ecd43b,두음_법칙,defines,현실_반영되기_시작한,https://ko.wikipedia.org/wiki/%EB%91%90%EC%9D%8C_%EB%B2%95%EC%B9%99
33ecd43b,두음_법칙,defines,세기_한국_한자,https://ko.wikipedia.org/wiki/%EB%91%90%EC%9D%8C_%EB%B2%95%EC%B9%99
33ecd43b,두음_법칙,defines,조건들을_인정한다_표준어는,https://ko.wikipedia.org/wiki/%EB%91%90%EC%9D%8C_%EB%B2%95%EC%B9%99
33ecd43b,두음_법칙,defines,사항을,https://ko.wikipedia.org/wiki/%EB%91%90%EC%9D%8C_%EB%B2%95%EC%B9%99
33ecd43b,두음_법칙,defines,법칙,https://ko.wikipedia.org/wiki/%EB%91%90%EC%9D%8C_%EB%B2%95%EC%B9%99
33ecd43b,두음_법칙,defines,발음되는_피해_발음하지,https://ko.wikipedia.org/wiki/%EB%91%90%EC%9D%8C_%EB%B2%95%EC%B9%99
33ecd43b,두음_법칙,defines,모음_앞에서_없어진다,https://ko.wikipedia.org/wiki/%EB%91%90%EC%9D%8C_%EB%B2%95%EC%B9%99
33ecd43b,두음_법칙,defines,앞에서는_변한다_으로,https://ko.wikipedia.org/wiki/%EB%91%90%EC%9D%8C_%EB%B2%95%EC%B9%99
33ecd43b,두음_법칙,defines,개방되고_교류가_발음하기,https://ko.wikipedia.org/wiki/%EB%91%90%EC%9D%8C_%EB%B2%95%EC%B9%99
33ecd43b,두음_법칙,defines,높낮이_평서형,https://ko.wikipedia.org/wiki/%EB%91%90%EC%9D%8C_%EB%B2%95%EC%B9%99
33ecd43b,두음_법칙,defines,소리나_강세를_주고,https://ko.wikipedia.org/wiki/%EB%91%90%EC%9D%8C_%EB%B2%95%EC%B9%99
33ecd43b,두음_법칙,defines,법칙_갈수록_변화될,https://ko.wikipedia.org/wiki/%EB%91%90%EC%9D%8C_%EB%B2%95%EC%B9%99
33ecd43b,두음_법칙,defines,유음화_격음화_경음화,https://ko.wikipedia.org/wiki/%EB%91%90%EC%9D%8C_%EB%B2%95%EC%B9%99
33ecd43b,두음_법칙,defines,법칙_두음,https://ko.wikipedia.org/wiki/%EB%91%90%EC%9D%8C_%EB%B2%95%EC%B9%99
33ecd43b,두음_법칙,defines,발견할_어두에서_조건에,https://ko.wikipedia.org/wiki/%EB%91%90%EC%9D%8C_%EB%B2%95%EC%B9%99
33ecd43b,두음_법칙,defines,있는지를_보여주는_강제하는,https://ko.wikipedia.org/wiki/%EB%91%90%EC%9D%8C_%EB%B2%95%EC%B9%99
33ecd43b,두음_법칙,defines,표기_기재된_성씨의,https://ko.wikipedia.org/wiki/%EB%91%90%EC%9D%8C_%EB%B2%95%EC%B9%99
33ecd43b,두음_법칙,defines,이나_단어_두음,https://ko.wikipedia.org/wiki/%EB%91%90%EC%9D%8C_%EB%B2%95%EC%B9%99
33ecd43b,두음_법칙,defines,적용된_발음은_표기에도,https://ko.wikipedia.org/wiki/%EB%91%90%EC%9D%8C_%EB%B2%95%EC%B9%99
33ecd43b,두음_법칙,defines,적용되는_조건_법칙이,https://ko.wikipedia.org/wiki/%EB%91%90%EC%9D%8C_%EB%B2%95%EC%B9%99
33ecd43b,두음_법칙,defines,바뀌는_이나_으로,https://ko.wikipedia.org/wiki/%EB%91%90%EC%9D%8C_%EB%B2%95%EC%B9%99
33ecd43b,두음_법칙,defines,시작하는_한자음,https://ko.wikipedia.org/wiki/%EB%91%90%EC%9D%8C_%EB%B2%95%EC%B9%99
33ecd43b,두음_법칙,defines,단모음이_한자음_첫머리에,https://ko.wikipedia.org/wiki/%EB%91%90%EC%9D%8C_%EB%B2%95%EC%B9%99
33ecd43b,두음_법칙,defines,모음이나_받침_이어지는,https://ko.wikipedia.org/wiki/%EB%91%90%EC%9D%8C_%EB%B2%95%EC%B9%99
33ecd43b,두음_법칙,defines,으로_발음하고_라렬,https://ko.wikipedia.org/wiki/%EB%91%90%EC%9D%8C_%EB%B2%95%EC%B9%99
33ecd43b,두음_법칙,defines,법칙은_적용되지,https://ko.wikipedia.org/wiki/%EB%91%90%EC%9D%8C_%EB%B2%95%EC%B9%99
33ecd43b,두음_법칙,defines,파생어나_뒷말에_합성어,https://ko.wikipedia.org/wiki/%EB%91%90%EC%9D%8C_%EB%B2%95%EC%B9%99
33ecd43b,두음_법칙,defines,신여성_공염불_회계연도,https://ko.wikipedia.org/wiki/%EB%91%90%EC%9D%8C_%EB%B2%95%EC%B9%99
33ecd43b,두음_법칙,defines,고유어나_결합한_한자어가,https://ko.wikipedia.org/wiki/%EB%91%90%EC%9D%8C_%EB%B2%95%EC%B9%99
33ecd43b,두음_법칙,defines,구름_운량_칼슘,https://ko.wikipedia.org/wiki/%EB%91%90%EC%9D%8C_%EB%B2%95%EC%B9%99
33ecd43b,두음_법칙,defines,자음은_적용되지,https://ko.wikipedia.org/wiki/%EB%91%90%EC%9D%8C_%EB%B2%95%EC%B9%99
33ecd43b,두음_법칙,defines,들어가는_말에는_적용된다,https://ko.wikipedia.org/wiki/%EB%91%90%EC%9D%8C_%EB%B2%95%EC%B9%99
33ecd43b,두음_법칙,defines,조건_적용되지_법칙이,https://ko.wikipedia.org/wiki/%EB%91%90%EC%9D%8C_%EB%B2%95%EC%B9%99
33ecd43b,두음_법칙,defines,첫머리_이외에서_적는다,https://ko.wikipedia.org/wiki/%EB%91%90%EC%9D%8C_%EB%B2%95%EC%B9%99
33ecd43b,두음_법칙,defines,남녀_은닉_독자란,https://ko.wikipedia.org/wiki/%EB%91%90%EC%9D%8C_%EB%B2%95%EC%B9%99
33ecd43b,두음_법칙,defines,준말에서_본음으로_나는,https://ko.wikipedia.org/wiki/%EB%91%90%EC%9D%8C_%EB%B2%95%EC%B9%99
33ecd43b,두음_법칙,defines,국련_국제연합_전경련,https://ko.wikipedia.org/wiki/%EB%91%90%EC%9D%8C_%EB%B2%95%EC%B9%99
33ecd43b,두음_법칙,defines,적는다_본음대로,https://ko.wikipedia.org/wiki/%EB%91%90%EC%9D%8C_%EB%B2%95%EC%B9%99
33ecd43b,두음_법칙,defines,거기까지_리냐_리가,https://ko.wikipedia.org/wiki/%EB%91%90%EC%9D%8C_%EB%B2%95%EC%B9%99
33ecd43b,두음_법칙,defines,외자로_이름을_성에,https://ko.wikipedia.org/wiki/%EB%91%90%EC%9D%8C_%EB%B2%95%EC%B9%99
33ecd43b,두음_법칙,defines,조선시대_장수_신립,https://ko.wikipedia.org/wiki/%EB%91%90%EC%9D%8C_%EB%B2%95%EC%B9%99
33ecd43b,두음_법칙,opposite_to,외자가_이름이_반대로,https://ko.wikipedia.org/wiki/%EB%91%90%EC%9D%8C_%EB%B2%95%EC%B9%99
33ecd43b,두음_법칙,defines,관찰되는_법칙이_두음,https://ko.wikipedia.org/wiki/%EB%91%90%EC%9D%8C_%EB%B2%95%EC%B9%99
33ecd43b,두음_법칙,defines,한국이_남북으로,https://ko.wikipedia.org/wiki/%EB%91%90%EC%9D%8C_%EB%B2%95%EC%B9%99
33ecd43b,두음_법칙,defines,북한의_문화어와,https://ko.wikipedia.org/wiki/%EB%91%90%EC%9D%8C_%EB%B2%95%EC%B9%99
33ecd43b,두음_법칙,defines,나팔로_한자어는_인정하고,https://ko.wikipedia.org/wiki/%EB%91%90%EC%9D%8C_%EB%B2%95%EC%B9%99
33ecd43b,두음_법칙,defines,표준어와_내의_관찰된다,https://ko.wikipedia.org/wiki/%EB%91%90%EC%9D%8C_%EB%B2%95%EC%B9%99
33ecd43b,두음_법칙,defines,규정_법칙의_예외,https://ko.wikipedia.org/wiki/%EB%91%90%EC%9D%8C_%EB%B2%95%EC%B9%99
33ecd43b,두음_법칙,example_of,법률이_사례를,https://ko.wikipedia.org/wiki/%EB%91%90%EC%9D%8C_%EB%B2%95%EC%B9%99
33ecd43b,두음_법칙,defines,씨는_규정의_것인데,https://ko.wikipedia.org/wiki/%EB%91%90%EC%9D%8C_%EB%B2%95%EC%B9%99
33ecd43b,두음_법칙,defines,적용하지,https://ko.wikipedia.org/wiki/%EB%91%90%EC%9D%8C_%EB%B2%95%EC%B9%99
33ecd43b,두음_법칙,defines,늘어나는_결과도,https://ko.wikipedia.org/wiki/%EB%91%90%EC%9D%8C_%EB%B2%95%EC%B9%99
33ecd43b,두음_법칙,defines,않았던,https://ko.wikipedia.org/wiki/%EB%91%90%EC%9D%8C_%EB%B2%95%EC%B9%99
33ecd43b,두음_법칙,defines,예외로_한자어가_외래어는,https://ko.wikipedia.org/wiki/%EB%91%90%EC%9D%8C_%EB%B2%95%EC%B9%99
33ecd43b,두음_법칙,defines,초기_시기에,https://ko.wikipedia.org/wiki/%EB%91%90%EC%9D%8C_%EB%B2%95%EC%B9%99
33ecd43b,두음_법칙,defines,현재는_이외,https://ko.wikipedia.org/wiki/%EB%91%90%EC%9D%8C_%EB%B2%95%EC%B9%99
33ecd43b,두음_법칙,defines,북한_고려한_적이,https://ko.wikipedia.org/wiki/%EB%91%90%EC%9D%8C_%EB%B2%95%EC%B9%99
33ecd43b,두음_법칙,defines,남한을_한자어의_지역에서,https://ko.wikipedia.org/wiki/%EB%91%90%EC%9D%8C_%EB%B2%95%EC%B9%99
33ecd43b,두음_법칙,defines,당연히_줄어든다,https://ko.wikipedia.org/wiki/%EB%91%90%EC%9D%8C_%EB%B2%95%EC%B9%99
33ecd43b,두음_법칙,subtype_of,강제적인_동음인_구분하기,https://ko.wikipedia.org/wiki/%EB%91%90%EC%9D%8C_%EB%B2%95%EC%B9%99
33ecd43b,두음_법칙,opposite_to,동음이의_반대로_줄어든다,https://ko.wikipedia.org/wiki/%EB%91%90%EC%9D%8C_%EB%B2%95%EC%B9%99
33ecd43b,두음_법칙,example_of,남한의_사라진다_여권,https://ko.wikipedia.org/wiki/%EB%91%90%EC%9D%8C_%EB%B2%95%EC%B9%99
33ecd43b,두음_법칙,defines,여권_나뉜다,https://ko.wikipedia.org/wiki/%EB%91%90%EC%9D%8C_%EB%B2%95%EC%B9%99
33ecd43b,두음_법칙,defines,여성들의_권리를_여행을,https://ko.wikipedia.org/wiki/%EB%91%90%EC%9D%8C_%EB%B2%95%EC%B9%99
33ecd43b,두음_법칙,defines,발음이_같으므로,https://ko.wikipedia.org/wiki/%EB%91%90%EC%9D%8C_%EB%B2%95%EC%B9%99
33ecd43b,두음_법칙,subtype_of,이외에도_단어들의_구분이,https://ko.wikipedia.org/wiki/%EB%91%90%EC%9D%8C_%EB%B2%95%EC%B9%99
33ecd43b,두음_법칙,defines,말살이가_더욱_쉬워진다,https://ko.wikipedia.org/wiki/%EB%91%90%EC%9D%8C_%EB%B2%95%EC%B9%99
33ecd43b,두음_법칙,defines,제약_형태적,https://ko.wikipedia.org/wiki/%EB%91%90%EC%9D%8C_%EB%B2%95%EC%B9%99
33ecd43b,두음_법칙,defines,불교어문논집_한국불교어문학회,https://ko.wikipedia.org/wiki/%EB%91%90%EC%9D%8C_%EB%B2%95%EC%B9%99
33ecd43b,두음_법칙,defines,고찰_통시적,https://ko.wikipedia.org/wiki/%EB%91%90%EC%9D%8C_%EB%B2%95%EC%B9%99
33ecd43b,두음_법칙,defines,국어학_국어학회,https://ko.wikipedia.org/wiki/%EB%91%90%EC%9D%8C_%EB%B2%95%EC%B9%99
33ecd43b,두음_법칙,defines,jkl_doi,https://ko.wikipedia.org/wiki/%EB%91%90%EC%9D%8C_%EB%B2%95%EC%B9%99
33ecd43b,두음_법칙,defines,통시적_연구,https://ko.wikipedia.org/wiki/%EB%91%90%EC%9D%8C_%EB%B2%95%EC%B9%99
33ecd43b,두음_법칙,defines,한중인문학연구_한중인문학회,https://ko.wikipedia.org/wiki/%EB%91%90%EC%9D%8C_%EB%B2%95%EC%B9%99
33ecd43b,두음_법칙,defines,맞춤법의_문제점_두음법칙,https://ko.wikipedia.org/wiki/%EB%91%90%EC%9D%8C_%EB%B2%95%EC%B9%99
33ecd43b,두음_법칙,defines,배달말,https://ko.wikipedia.org/wiki/%EB%91%90%EC%9D%8C_%EB%B2%95%EC%B9%99
33ecd43b,두음_법칙,defines,낱말머리_표기의,https://ko.wikipedia.org/wiki/%EB%91%90%EC%9D%8C_%EB%B2%95%EC%B9%99
222d248c,의성어,defines,의성어_표시한_어휘이다,https://ko.wikipedia.org/wiki/%EC%9D%98%EC%84%B1%EC%96%B4
222d248c,의성어,example_of,같은_삐약삐약_동물의,https://ko.wikipedia.org/wiki/%EC%9D%98%EC%84%B1%EC%96%B4
222d248c,의성어,defines,의성어는_음운의_구조로,https://ko.wikipedia.org/wiki/%EC%9D%98%EC%84%B1%EC%96%B4
222d248c,의성어,example_of,takk이고_네덜란드어에서는_tak으,https://ko.wikipedia.org/wiki/%EC%9D%98%EC%84%B1%EC%96%B4
85413afe,의태어,defines,의태어_모양이나,https://ko.wikipedia.org/wiki/%EC%9D%98%ED%83%9C%EC%96%B4
85413afe,의태어,example_of,모양을_나타내는_엉금엉금,https://ko.wikipedia.org/wiki/%EC%9D%98%ED%83%9C%EC%96%B4
85413afe,의태어,defines,원주민_언어_의태어가,https://ko.wikipedia.org/wiki/%EC%9D%98%ED%83%9C%EC%96%B4
570da48c,의문문,defines,의문문,https://ko.wikipedia.org/wiki/%EC%9D%98%EB%AC%B8%EB%AC%B8
570da48c,의문문,example_of,그렇게_과연,https://ko.wikipedia.org/wiki/%EC%9D%98%EB%AC%B8%EB%AC%B8
570da48c,의문문,defines,hannah_sick_is,https://ko.wikipedia.org/wiki/%EC%9D%98%EB%AC%B8%EB%AC%B8
570da48c,의문문,defines,끝에_추가되는_물음표는,https://ko.wikipedia.org/wiki/%EC%9D%98%EB%AC%B8%EB%AC%B8
570da48c,의문문,includes,의문절은_때때로_포함될,https://ko.wikipedia.org/wiki/%EC%9D%98%EB%AC%B8%EB%AC%B8
570da48c,의문문,example_of,who_sick_is,https://ko.wikipedia.org/wiki/%EC%9D%98%EB%AC%B8%EB%AC%B8
570da48c,의문문,defines,언어마다_의문문을_방식이,https://ko.wikipedia.org/wiki/%EC%9D%98%EB%AC%B8%EB%AC%B8
570da48c,의문문,defines,전용_굴절_형태가,https://ko.wikipedia.org/wiki/%EC%9D%98%EB%AC%B8%EB%AC%B8
570da48c,의문문,defines,의문_형태는_약어,https://ko.wikipedia.org/wiki/%EC%9D%98%EB%AC%B8%EB%AC%B8
4de29da8,부정_(언어학),origin_of,유래_지정하는,https://ko.wikipedia.org/wiki/%EB%B6%80%EC%A0%95_(%EC%96%B8%EC%96%B4%ED%95%99)
4de29da8,부정_(언어학),opposite_to,긍정의_반대이다_부정은,https://ko.wikipedia.org/wiki/%EB%B6%80%EC%A0%95_(%EC%96%B8%EC%96%B4%ED%95%99)
4de29da8,부정_(언어학),defines,상응하는_언어들의_문제를,https://ko.wikipedia.org/wiki/%EB%B6%80%EC%A0%95_(%EC%96%B8%EC%96%B4%ED%95%99)
4de29da8,부정_(언어학),defines,부정에_관점은,https://ko.wikipedia.org/wiki/%EB%B6%80%EC%A0%95_(%EC%96%B8%EC%96%B4%ED%95%99)
4de29da8,부정_(언어학),defines,여러_유사한_추상적인,https://ko.wikipedia.org/wiki/%EB%B6%80%EC%A0%95_(%EC%96%B8%EC%96%B4%ED%95%99)
4de29da8,부정_(언어학),defines,le_de_me,https://ko.wikipedia.org/wiki/%EB%B6%80%EC%A0%95_(%EC%96%B8%EC%96%B4%ED%95%99)
4de29da8,부정_(언어학),defines,ensemble_des_canisme,https://ko.wikipedia.org/wiki/%EB%B6%80%EC%A0%95_(%EC%96%B8%EC%96%B4%ED%95%99)
4de29da8,부정_(언어학),defines,un_ou_la,https://ko.wikipedia.org/wiki/%EB%B6%80%EC%A0%95_(%EC%96%B8%EC%96%B4%ED%95%99)
4de29da8,부정_(언어학),defines,de_nonc_gativ,https://ko.wikipedia.org/wiki/%EB%B6%80%EC%A0%95_(%EC%96%B8%EC%96%B4%ED%95%99)
4de29da8,부정_(언어학),defines,참조의_발화에_부정적,https://ko.wikipedia.org/wiki/%EB%B6%80%EC%A0%95_(%EC%96%B8%EC%96%B4%ED%95%99)
e8a6cf6d,수동태,defines,문장의_행위의,https://ko.wikipedia.org/wiki/%EC%88%98%EB%8F%99%ED%83%9C
e8a6cf6d,수동태,defines,행위자일_전환이,https://ko.wikipedia.org/wiki/%EC%88%98%EB%8F%99%ED%83%9C
e8a6cf6d,수동태,defines,나타내기_위해서는_특별한,https://ko.wikipedia.org/wiki/%EC%88%98%EB%8F%99%ED%83%9C
e8a6cf6d,수동태,defines,어형_수동_형성하는,https://ko.wikipedia.org/wiki/%EC%88%98%EB%8F%99%ED%83%9C
e8a6cf6d,수동태,defines,경우도_수동태에_있는데,https://ko.wikipedia.org/wiki/%EC%88%98%EB%8F%99%ED%83%9C
e8a6cf6d,수동태,defines,인도유럽_없었기,https://ko.wikipedia.org/wiki/%EC%88%98%EB%8F%99%ED%83%9C
e8a6cf6d,수동태,defines,수동태와_언어도_중간태를,https://ko.wikipedia.org/wiki/%EC%88%98%EB%8F%99%ED%83%9C
e8a6cf6d,수동태,defines,대신,https://ko.wikipedia.org/wiki/%EC%88%98%EB%8F%99%ED%83%9C
e8a6cf6d,수동태,defines,접미사를_능동사를_피동사로,https://ko.wikipedia.org/wiki/%EC%88%98%EB%8F%99%ED%83%9C
e8a6cf6d,수동태,defines,피동_이처럼_파생된,https://ko.wikipedia.org/wiki/%EC%88%98%EB%8F%99%ED%83%9C
e8a6cf6d,수동태,defines,구성_지다_되다,https://ko.wikipedia.org/wiki/%EC%88%98%EB%8F%99%ED%83%9C
e8a6cf6d,수동태,defines,피동_장형_통사적,https://ko.wikipedia.org/wiki/%EC%88%98%EB%8F%99%ED%83%9C
e8a6cf6d,수동태,defines,수동태의_영어에서,https://ko.wikipedia.org/wiki/%EC%88%98%EB%8F%99%ED%83%9C
e8a6cf6d,수동태,defines,주어_분사,https://ko.wikipedia.org/wiki/%EC%88%98%EB%8F%99%ED%83%9C
e8a6cf6d,수동태,defines,현재형_동작을,https://ko.wikipedia.org/wiki/%EC%88%98%EB%8F%99%ED%83%9C
e8a6cf6d,수동태,defines,computer_broken_is,https://ko.wikipedia.org/wiki/%EC%88%98%EB%8F%99%ED%83%9C
e8a6cf6d,수동태,defines,같이_일반적인_행위자,https://ko.wikipedia.org/wiki/%EC%88%98%EB%8F%99%ED%83%9C
e8a6cf6d,수동태,defines,그러면_정의할_문의,https://ko.wikipedia.org/wiki/%EC%88%98%EB%8F%99%ED%83%9C
e8a6cf6d,수동태,includes,자질_포함하여_자신을,https://ko.wikipedia.org/wiki/%EC%88%98%EB%8F%99%ED%83%9C
e8a6cf6d,수동태,defines,이를_다음과,https://ko.wikipedia.org/wiki/%EC%88%98%EB%8F%99%ED%83%9C
e8a6cf6d,수동태,defines,ap,https://ko.wikipedia.org/wiki/%EC%88%98%EB%8F%99%ED%83%9C
e8a6cf6d,수동태,defines,자리_경우는_술어가,https://ko.wikipedia.org/wiki/%EC%88%98%EB%8F%99%ED%83%9C
e8a6cf6d,수동태,defines,형태의_태를_기각이,https://ko.wikipedia.org/wiki/%EC%88%98%EB%8F%99%ED%83%9C
e8a6cf6d,수동태,defines,동사만_자리를,https://ko.wikipedia.org/wiki/%EC%88%98%EB%8F%99%ED%83%9C
e8a6cf6d,수동태,defines,실제의_언어들_발견,https://ko.wikipedia.org/wiki/%EC%88%98%EB%8F%99%ED%83%9C
e8a6cf6d,수동태,defines,고려하기_재귀사로,https://ko.wikipedia.org/wiki/%EC%88%98%EB%8F%99%ED%83%9C
e8a6cf6d,수동태,defines,정의상_승격될,https://ko.wikipedia.org/wiki/%EC%88%98%EB%8F%99%ED%83%9C
e8a6cf6d,수동태,defines,조합을_나열하면_이에,https://ko.wikipedia.org/wiki/%EC%88%98%EB%8F%99%ED%83%9C
e8a6cf6d,수동태,defines,발견되지_발견되는_뿐이다,https://ko.wikipedia.org/wiki/%EC%88%98%EB%8F%99%ED%83%9C
e8a6cf6d,수동태,defines,이제_바와_형식에,https://ko.wikipedia.org/wiki/%EC%88%98%EB%8F%99%ED%83%9C
e8a6cf6d,수동태,subtype_of,위의_분류법을_정상적인,https://ko.wikipedia.org/wiki/%EC%88%98%EB%8F%99%ED%83%9C
e8a6cf6d,수동태,defines,승격은,https://ko.wikipedia.org/wiki/%EC%88%98%EB%8F%99%ED%83%9C
e8a6cf6d,수동태,defines,수동화는_강등,https://ko.wikipedia.org/wiki/%EC%88%98%EB%8F%99%ED%83%9C
e8a6cf6d,수동태,defines,고찰할_고려했던_간주되는,https://ko.wikipedia.org/wiki/%EC%88%98%EB%8F%99%ED%83%9C
e8a6cf6d,수동태,defines,수동의_위계를,https://ko.wikipedia.org/wiki/%EC%88%98%EB%8F%99%ED%83%9C
e8a6cf6d,수동태,defines,타동문,https://ko.wikipedia.org/wiki/%EC%88%98%EB%8F%99%ED%83%9C
e8a6cf6d,수동태,defines,자동문,https://ko.wikipedia.org/wiki/%EC%88%98%EB%8F%99%ED%83%9C
e8a6cf6d,수동태,defines,재귀문,https://ko.wikipedia.org/wiki/%EC%88%98%EB%8F%99%ED%83%9C
e8a6cf6d,수동태,subtype_of,분류할,https://ko.wikipedia.org/wiki/%EC%88%98%EB%8F%99%ED%83%9C
e8a6cf6d,수동태,defines,유형이라_경우인_먼저,https://ko.wikipedia.org/wiki/%EC%88%98%EB%8F%99%ED%83%9C
e8a6cf6d,수동태,defines,게르만어에서_middle_유형이라고도,https://ko.wikipedia.org/wiki/%EC%88%98%EB%8F%99%ED%83%9C
e8a6cf6d,수동태,defines,재귀사가_재귀수동_유형이다,https://ko.wikipedia.org/wiki/%EC%88%98%EB%8F%99%ED%83%9C
e8a6cf6d,수동태,defines,몇몇,https://ko.wikipedia.org/wiki/%EC%88%98%EB%8F%99%ED%83%9C
e8a6cf6d,수동태,defines,윤병달_도서출판_동인,https://ko.wikipedia.org/wiki/%EC%88%98%EB%8F%99%ED%83%9C
e8a6cf6d,수동태,defines,않아서_생기는_혼란,https://ko.wikipedia.org/wiki/%EC%88%98%EB%8F%99%ED%83%9C
4cafeb05,사동,defines,사동의_뜻은_다음과,https://ko.wikipedia.org/wiki/%EC%82%AC%EB%8F%99
4cafeb05,사동,defines,대상에게_동작이나_행동을,https://ko.wikipedia.org/wiki/%EC%82%AC%EB%8F%99
4cafeb05,사동,defines,중구의,https://ko.wikipedia.org/wiki/%EC%82%AC%EB%8F%99
4cafeb05,사동,defines,남구의,https://ko.wikipedia.org/wiki/%EC%82%AC%EB%8F%99
4cafeb05,사동,defines,경기도_안산시_상록구의,https://ko.wikipedia.org/wiki/%EC%82%AC%EB%8F%99
4cafeb05,사동,defines,경상북도_경산시의,https://ko.wikipedia.org/wiki/%EC%82%AC%EB%8F%99
4cafeb05,사동,defines,사동구역_평양시의,https://ko.wikipedia.org/wiki/%EC%82%AC%EB%8F%99
4cafeb05,사동,defines,사동리는_지명이다_여러,https://ko.wikipedia.org/wiki/%EC%82%AC%EB%8F%99
4cafeb05,사동,defines,사동항은_항구이다_여러,https://ko.wikipedia.org/wiki/%EC%82%AC%EB%8F%99
4cafeb05,사동,defines,사동로는_도로이다_여러,https://ko.wikipedia.org/wiki/%EC%82%AC%EB%8F%99
4cafeb05,사동,includes,제목에_항목을_포함한,https://ko.wikipedia.org/wiki/%EC%82%AC%EB%8F%99
f1625791,로마자_표기법,defines,로마자_표기하는_방법을,https://ko.wikipedia.org/wiki/%EB%A1%9C%EB%A7%88%EC%9E%90_%ED%91%9C%EA%B8%B0%EB%B2%95
f1625791,로마자_표기법,defines,옮기는_전자법과,https://ko.wikipedia.org/wiki/%EB%A1%9C%EB%A7%88%EC%9E%90_%ED%91%9C%EA%B8%B0%EB%B2%95
f1625791,로마자_표기법,defines,나아가_전사와_전사로,https://ko.wikipedia.org/wiki/%EB%A1%9C%EB%A7%88%EC%9E%90_%ED%91%9C%EA%B8%B0%EB%B2%95
f1625791,로마자_표기법,defines,기록하는_전사는_음소를,https://ko.wikipedia.org/wiki/%EB%A1%9C%EB%A7%88%EC%9E%90_%ED%91%9C%EA%B8%B0%EB%B2%95
f1625791,로마자_표기법,defines,개별_로마자_표기법,https://ko.wikipedia.org/wiki/%EB%A1%9C%EB%A7%88%EC%9E%90_%ED%91%9C%EA%B8%B0%EB%B2%95
f1625791,로마자_표기법,defines,그리스어_로마자_표기법,https://ko.wikipedia.org/wiki/%EB%A1%9C%EB%A7%88%EC%9E%90_%ED%91%9C%EA%B8%B0%EB%B2%95
f1625791,로마자_표기법,defines,라오어_로마자_표기법,https://ko.wikipedia.org/wiki/%EB%A1%9C%EB%A7%88%EC%9E%90_%ED%91%9C%EA%B8%B0%EB%B2%95
f1625791,로마자_표기법,defines,러시아어_로마자_표기법,https://ko.wikipedia.org/wiki/%EB%A1%9C%EB%A7%88%EC%9E%90_%ED%91%9C%EA%B8%B0%EB%B2%95
f1625791,로마자_표기법,defines,로마자_표기법,https://ko.wikipedia.org/wiki/%EB%A1%9C%EB%A7%88%EC%9E%90_%ED%91%9C%EA%B8%B0%EB%B2%95
f1625791,로마자_표기법,defines,아랍어_로마자_표기법,https://ko.wikipedia.org/wiki/%EB%A1%9C%EB%A7%88%EC%9E%90_%ED%91%9C%EA%B8%B0%EB%B2%95
f1625791,로마자_표기법,defines,일본어_로마자_표기법,https://ko.wikipedia.org/wiki/%EB%A1%9C%EB%A7%88%EC%9E%90_%ED%91%9C%EA%B8%B0%EB%B2%95
f1625791,로마자_표기법,defines,조지아어_로마자_표기법,https://ko.wikipedia.org/wiki/%EB%A1%9C%EB%A7%88%EC%9E%90_%ED%91%9C%EA%B8%B0%EB%B2%95
f1625791,로마자_표기법,defines,로마자_표기법_한어,https://ko.wikipedia.org/wiki/%EB%A1%9C%EB%A7%88%EC%9E%90_%ED%91%9C%EA%B8%B0%EB%B2%95
f1625791,로마자_표기법,defines,타이어_로마자_표기법,https://ko.wikipedia.org/wiki/%EB%A1%9C%EB%A7%88%EC%9E%90_%ED%91%9C%EA%B8%B0%EB%B2%95
f1625791,로마자_표기법,defines,한국어_로마자_표기법,https://ko.wikipedia.org/wiki/%EB%A1%9C%EB%A7%88%EC%9E%90_%ED%91%9C%EA%B8%B0%EB%B2%95
f1625791,로마자_표기법,defines,히브리어_로마자_표기법,https://ko.wikipedia.org/wiki/%EB%A1%9C%EB%A7%88%EC%9E%90_%ED%91%9C%EA%B8%B0%EB%B2%95
f1625791,로마자_표기법,defines,한국어의_로마자_표기법,https://ko.wikipedia.org/wiki/%EB%A1%9C%EB%A7%88%EC%9E%90_%ED%91%9C%EA%B8%B0%EB%B2%95
